-- --------------------------------------------------------
-- Host:                         127.0.0.1
-- Server version:               11.6.2-MariaDB - mariadb.org binary distribution
-- Server OS:                    Win64
-- HeidiSQL Version:             12.8.0.6998
-- --------------------------------------------------------

/*!40101 SET @OLD_CHARACTER_SET_CLIENT=@@CHARACTER_SET_CLIENT */;
/*!40101 SET NAMES utf8 */;
/*!50503 SET NAMES utf8mb4 */;
/*!40103 SET @OLD_TIME_ZONE=@@TIME_ZONE */;
/*!40103 SET TIME_ZONE='+00:00' */;
/*!40014 SET @OLD_FOREIGN_KEY_CHECKS=@@FOREIGN_KEY_CHECKS, FOREIGN_KEY_CHECKS=0 */;
/*!40101 SET @OLD_SQL_MODE=@@SQL_MODE, SQL_MODE='NO_AUTO_VALUE_ON_ZERO' */;
/*!40111 SET @OLD_SQL_NOTES=@@SQL_NOTES, SQL_NOTES=0 */;


-- Dumping database structure for verbraucher
DROP DATABASE IF EXISTS `verbraucher`;
CREATE DATABASE IF NOT EXISTS `verbraucher` /*!40100 DEFAULT CHARACTER SET utf8mb3 COLLATE utf8mb3_general_ci */;
USE `verbraucher`;

-- Dumping structure for table verbraucher.invoice
DROP TABLE IF EXISTS `invoice`;
CREATE TABLE IF NOT EXISTS `invoice` (
  `id` char(36) NOT NULL DEFAULT uuid(),
  `issuedAt` datetime DEFAULT NULL,
  `createdAt` datetime DEFAULT NULL,
  PRIMARY KEY (`id`)
) ENGINE=InnoDB DEFAULT CHARSET=utf8mb3 COLLATE=utf8mb3_general_ci;

-- Dumping data for table verbraucher.invoice: ~11 rows (approximately)
DELETE FROM `invoice`;
INSERT INTO `invoice` (`id`, `issuedAt`, `createdAt`) VALUES
	('05b8038d-20a4-45d1-ae75-0bcd71f8481e', '2025-01-15 12:23:00', '2025-01-15 12:35:12'),
	('24651692-7076-4c61-8f53-b6a6649ce71f', '2025-02-05 12:34:00', '2025-02-05 12:35:09'),
	('286ca0df-d987-4d14-b359-f68f861e0253', '2024-12-23 18:16:00', '2024-12-27 21:26:08'),
	('2c2f9d79-0b1f-4051-84cc-36d914e04020', '2024-12-27 14:13:00', '2024-12-27 16:43:34'),
	('3b6c3ef6-4951-47e9-ba83-18950034b3d4', '2025-01-27 16:40:00', '2025-01-27 17:03:53'),
	('4f072a11-4712-4c6e-8bab-7d73efebfe52', '2025-01-29 12:24:00', '2025-01-29 12:26:27'),
	('53a45ee0-64d1-433a-8ca5-bd187003d376', '2025-01-04 18:20:00', '2025-01-04 22:15:23'),
	('56747b55-8484-42c3-b56c-cb8640415a28', '2025-01-11 17:26:00', '2025-01-11 17:35:34'),
	('57923736-8410-40ff-afb7-d01d6dfb201c', '2025-01-24 16:24:00', '2025-01-24 16:38:04'),
	('60ae457b-bfd8-4695-94ea-77b4e0997289', '2025-01-08 12:17:00', '2025-01-08 12:43:23'),
	('7aa25bee-84cf-4bfa-adc5-95840848fa13', '2025-01-02 12:08:00', '2025-01-02 18:03:55'),
	('7d54c82a-d7a2-4a0f-9374-fd54ed4496c9', '2025-01-31 11:37:00', '2025-01-31 12:19:04'),
	('970c4923-60d7-4c92-9461-3993a26bc912', '2025-02-01 19:46:00', '2025-02-01 22:11:02'),
	('a23f38c7-5eee-4627-af45-8f6aa5455497', '2025-01-17 16:09:00', '2025-01-17 16:41:31'),
	('a80eea90-757b-432d-9910-4285c096a2e1', '2025-01-22 16:09:00', '2025-01-22 16:37:44'),
	('b6fb021f-63bc-4343-bf10-c53e64a93444', '2025-01-18 14:44:00', '2025-01-18 14:44:57'),
	('c3046a0d-3913-4bc5-92ac-5510e5ce0b03', '2025-02-07 16:27:00', '2025-02-07 16:28:36'),
	('cc86eccd-d98a-4747-8adc-6ad91cbfda8f', '2025-01-20 17:32:00', '2025-01-20 17:47:13'),
	('e3ac7a2f-ab62-40ab-b3e0-ef23f808350f', '2025-02-03 12:21:00', '2025-02-03 12:22:21');

-- Dumping structure for table verbraucher.invoice_line_item
DROP TABLE IF EXISTS `invoice_line_item`;
CREATE TABLE IF NOT EXISTS `invoice_line_item` (
  `id` char(36) NOT NULL DEFAULT uuid(),
  `invoiceId` char(36) DEFAULT NULL,
  `productId` char(36) NOT NULL,
  `quantity` float DEFAULT NULL,
  `unit` varchar(20) DEFAULT NULL,
  `priceInEuro` decimal(20,3) DEFAULT NULL,
  `discountInEuro` decimal(20,3) DEFAULT NULL,
  `responsible` varchar(50) DEFAULT NULL,
  `containsNewProduct` tinyint(1) DEFAULT NULL,
  `paid` tinyint(1) DEFAULT NULL,
  `createdAt` datetime DEFAULT NULL,
  PRIMARY KEY (`id`),
  KEY `FK_product_invoice` (`invoiceId`),
  KEY `FK_invoice_line_item_product` (`productId`),
  CONSTRAINT `FK_invoice_line_item_product` FOREIGN KEY (`productId`) REFERENCES `product` (`id`) ON DELETE NO ACTION ON UPDATE NO ACTION,
  CONSTRAINT `FK_product_invoice` FOREIGN KEY (`invoiceId`) REFERENCES `invoice` (`id`) ON DELETE NO ACTION ON UPDATE NO ACTION
) ENGINE=InnoDB DEFAULT CHARSET=utf8mb3 COLLATE=utf8mb3_general_ci;

-- Dumping data for table verbraucher.invoice_line_item: ~253 rows (approximately)
DELETE FROM `invoice_line_item`;
INSERT INTO `invoice_line_item` (`id`, `invoiceId`, `productId`, `quantity`, `unit`, `priceInEuro`, `discountInEuro`, `responsible`, `containsNewProduct`, `paid`, `createdAt`) VALUES
	('019408c9-bd7b-7ee0-b993-c2302d54170d', '2c2f9d79-0b1f-4051-84cc-36d914e04020', 'b0fc8c40-d5b1-11ef-95ea-7085c2a8d15a', 1, 'Stück', 1.390, NULL, 'Stefan', NULL, NULL, '2024-12-27 16:43:46'),
	('019408c9-bd7e-7249-9ad3-76b8c6ef26a6', '2c2f9d79-0b1f-4051-84cc-36d914e04020', 'b0fc8cc6-d5b1-11ef-95ea-7085c2a8d15a', 0.36, 'kg', 1.080, NULL, 'Stefan', NULL, NULL, '2024-12-27 16:43:46'),
	('019408c9-bd7e-7adb-9bb5-4c5cfd966870', '2c2f9d79-0b1f-4051-84cc-36d914e04020', 'b0fc8cd1-d5b1-11ef-95ea-7085c2a8d15a', 1, 'Stück', 0.590, NULL, 'Stefan', NULL, NULL, '2024-12-27 16:43:46'),
	('019408c9-bd7e-7d31-a2a0-3b66eb4530c0', '2c2f9d79-0b1f-4051-84cc-36d914e04020', 'b0fc8cdc-d5b1-11ef-95ea-7085c2a8d15a', 1, 'Stück', 0.850, NULL, 'Stefan', NULL, NULL, '2024-12-27 16:43:46'),
	('019409cc-53b1-7f0f-bb19-ef1a4af3b9a8', '286ca0df-d987-4d14-b359-f68f861e0253', 'b0fc8ce5-d5b1-11ef-95ea-7085c2a8d15a', 1, 'Stück', 2.990, NULL, 'Stefan', NULL, NULL, '2024-12-27 21:26:13'),
	('019409cc-53b3-74b0-af40-821aa6d65f8d', '286ca0df-d987-4d14-b359-f68f861e0253', 'b0fc8cee-d5b1-11ef-95ea-7085c2a8d15a', 1, 'Stück', 0.790, NULL, 'Stefan', NULL, NULL, '2024-12-27 21:26:13'),
	('019409cc-53b3-74b6-af40-deec75fc563e', '286ca0df-d987-4d14-b359-f68f861e0253', 'b0fc8cf6-d5b1-11ef-95ea-7085c2a8d15a', 1, 'Stück', 1.990, NULL, 'Stefan', NULL, NULL, '2024-12-27 21:26:13'),
	('019409cc-53b3-7a96-9cb9-8b987f5ae334', '286ca0df-d987-4d14-b359-f68f861e0253', 'b0fc8cff-d5b1-11ef-95ea-7085c2a8d15a', 1, 'Stück', 2.190, NULL, 'Stefan', NULL, NULL, '2024-12-27 21:26:13'),
	('019409cc-53b4-7192-91b3-edab14f01bf3', '286ca0df-d987-4d14-b359-f68f861e0253', 'b0fc8d07-d5b1-11ef-95ea-7085c2a8d15a', 2, 'Stück', 1.300, NULL, 'Stefan', NULL, NULL, '2024-12-27 21:26:13'),
	('019409cc-53b4-76af-ac9f-8cc920112cb2', '286ca0df-d987-4d14-b359-f68f861e0253', 'b0fc8d10-d5b1-11ef-95ea-7085c2a8d15a', 1, 'Stück', 1.390, NULL, 'Stefan', NULL, NULL, '2024-12-27 21:26:13'),
	('019409cc-53b4-773f-ab2c-9b75101bbe81', '286ca0df-d987-4d14-b359-f68f861e0253', 'b0fc8d18-d5b1-11ef-95ea-7085c2a8d15a', 1, 'Stück', 1.990, NULL, 'Stefan', NULL, NULL, '2024-12-27 21:26:13'),
	('019409cc-53b4-7786-b28b-853340f1db3e', '286ca0df-d987-4d14-b359-f68f861e0253', 'b0fc8d21-d5b1-11ef-95ea-7085c2a8d15a', 2, 'Stück', 1.180, NULL, 'Stefan', NULL, NULL, '2024-12-27 21:26:13'),
	('019409cc-53b5-7841-882a-c0d8f0451dfe', '286ca0df-d987-4d14-b359-f68f861e0253', 'b0fc8d29-d5b1-11ef-95ea-7085c2a8d15a', 0.252, 'kg', 0.400, -0.100, 'Stefan', NULL, NULL, '2024-12-27 21:26:13'),
	('019409cc-53b6-7051-9f05-8e49c3ee42a8', '286ca0df-d987-4d14-b359-f68f861e0253', 'b0fc8d32-d5b1-11ef-95ea-7085c2a8d15a', 1, 'Stück', 0.790, -0.190, 'Stefan', NULL, NULL, '2024-12-27 21:26:13'),
	('019409cc-53b6-7b78-b8a0-3c32c8d010e1', '286ca0df-d987-4d14-b359-f68f861e0253', 'b0fc8d3a-d5b1-11ef-95ea-7085c2a8d15a', 0.272, 'kg', 1.090, -0.260, 'Stefan', NULL, NULL, '2024-12-27 21:26:13'),
	('019409cc-53b7-70e4-9faa-a3250ae94065', '286ca0df-d987-4d14-b359-f68f861e0253', 'b0fc8d42-d5b1-11ef-95ea-7085c2a8d15a', 0.214, 'kg', 0.850, -0.210, 'Stefan', NULL, NULL, '2024-12-27 21:26:13'),
	('019409cc-53b8-7ae3-9eee-c36a543b2765', '286ca0df-d987-4d14-b359-f68f861e0253', 'b0fc8d4a-d5b1-11ef-95ea-7085c2a8d15a', 0.06, 'kg', 0.110, -0.030, 'Stefan', NULL, NULL, '2024-12-27 21:26:13'),
	('019427f9-458f-7944-8d83-38e419225846', '7aa25bee-84cf-4bfa-adc5-95840848fa13', 'b0fc8cee-d5b1-11ef-95ea-7085c2a8d15a', 1, 'Stück', 0.790, NULL, 'Stefan', NULL, NULL, '2025-01-02 18:03:55'),
	('019427f9-4594-72dc-ae91-e2bd81066e72', '7aa25bee-84cf-4bfa-adc5-95840848fa13', 'b0fc8d67-d5b1-11ef-95ea-7085c2a8d15a', 1, 'Stück', 1.190, NULL, 'Stefan', NULL, NULL, '2025-01-02 18:03:55'),
	('019427f9-4594-754f-b4c9-6c6862072a32', '7aa25bee-84cf-4bfa-adc5-95840848fa13', 'b0fc8cdc-d5b1-11ef-95ea-7085c2a8d15a', 1, 'Stück', 0.850, NULL, 'Stefan', NULL, NULL, '2025-01-02 18:03:55'),
	('019427f9-4594-7cdc-b074-04fd518b0940', '7aa25bee-84cf-4bfa-adc5-95840848fa13', 'b0fc8d7e-d5b1-11ef-95ea-7085c2a8d15a', 1, 'Stück', 1.990, NULL, 'Stefan', NULL, NULL, '2025-01-02 18:03:55'),
	('019427f9-4595-712c-bbea-4e16afb8fd94', '7aa25bee-84cf-4bfa-adc5-95840848fa13', 'b0fc8d88-d5b1-11ef-95ea-7085c2a8d15a', 1, 'Stück', 0.990, NULL, 'Stefan', NULL, NULL, '2025-01-02 18:03:55'),
	('019427f9-4595-723b-befc-4b33e0b1765a', '7aa25bee-84cf-4bfa-adc5-95840848fa13', 'b0fc8d10-d5b1-11ef-95ea-7085c2a8d15a', 1, 'Stück', 1.390, NULL, 'Stefan', NULL, NULL, '2025-01-02 18:03:55'),
	('019427f9-4595-7998-a1d2-300a3b933386', '7aa25bee-84cf-4bfa-adc5-95840848fa13', 'b0fc8d21-d5b1-11ef-95ea-7085c2a8d15a', 1, 'Stück', 0.590, NULL, 'Stefan', NULL, NULL, '2025-01-02 18:03:55'),
	('019427f9-4595-7f3d-8821-18606b2cc5dc', '7aa25bee-84cf-4bfa-adc5-95840848fa13', 'b0fc8d07-d5b1-11ef-95ea-7085c2a8d15a', 1, 'Stück', 0.650, NULL, 'Stefan', NULL, NULL, '2025-01-02 18:03:55'),
	('019427f9-4596-713e-9e33-9dd973a5436b', '7aa25bee-84cf-4bfa-adc5-95840848fa13', 'b0fc8db7-d5b1-11ef-95ea-7085c2a8d15a', 1, 'Stück', 1.390, NULL, 'Stefan', NULL, NULL, '2025-01-02 18:03:55'),
	('019427f9-4596-7350-95f9-4357518b050a', '7aa25bee-84cf-4bfa-adc5-95840848fa13', 'b0fc8dc0-d5b1-11ef-95ea-7085c2a8d15a', 0.248, 'kg', 0.990, NULL, 'Stefan', NULL, NULL, '2025-01-02 18:03:55'),
	('019427f9-4596-77f2-ba10-673286879003', '7aa25bee-84cf-4bfa-adc5-95840848fa13', 'b0fc8cd1-d5b1-11ef-95ea-7085c2a8d15a', 1, 'Stück', 0.990, NULL, 'Stefan', NULL, NULL, '2025-01-02 18:03:55'),
	('019427f9-4596-78a6-aea6-4087aa9b2d59', '7aa25bee-84cf-4bfa-adc5-95840848fa13', 'b0fc8dd8-d5b1-11ef-95ea-7085c2a8d15a', 1, 'Stück', 1.590, NULL, 'Stefan', NULL, NULL, '2025-01-02 18:03:55'),
	('019427f9-4597-7d4f-b416-fa7dc2755dec', '7aa25bee-84cf-4bfa-adc5-95840848fa13', 'b0fc8cc6-d5b1-11ef-95ea-7085c2a8d15a', 0.562, 'kg', 1.680, NULL, 'Stefan', NULL, NULL, '2025-01-02 18:03:55'),
	('0194332c-3789-7bb1-9161-de3e18da86e1', '53a45ee0-64d1-433a-8ca5-bd187003d376', 'b0fc8deb-d5b1-11ef-95ea-7085c2a8d15a', 1, 'Stück', 0.950, NULL, 'Stefan', NULL, NULL, '2025-01-04 22:15:23'),
	('0194332c-378b-7256-a62d-76f1a1286bcb', '53a45ee0-64d1-433a-8ca5-bd187003d376', 'b0fc8df3-d5b1-11ef-95ea-7085c2a8d15a', 1, 'Stück', 2.690, NULL, 'Beide', NULL, NULL, '2025-01-04 22:15:23'),
	('0194332c-378b-756d-97cf-231b4badbc4c', '53a45ee0-64d1-433a-8ca5-bd187003d376', 'b0fc8dfc-d5b1-11ef-95ea-7085c2a8d15a', 1, 'Stück', 0.950, NULL, 'Beide', NULL, NULL, '2025-01-04 22:15:23'),
	('0194332c-378b-7a0d-9b8a-4e02fcfa828f', '53a45ee0-64d1-433a-8ca5-bd187003d376', 'b0fc8e05-d5b1-11ef-95ea-7085c2a8d15a', 1, 'Stück', 2.490, NULL, 'Beide', NULL, NULL, '2025-01-04 22:15:23'),
	('0194332c-378b-7e33-b8d8-15637ab8d6e6', '53a45ee0-64d1-433a-8ca5-bd187003d376', 'b0fc8e0e-d5b1-11ef-95ea-7085c2a8d15a', 1, 'Stück', 2.190, NULL, 'Maria', NULL, NULL, '2025-01-04 22:15:23'),
	('0194332c-378c-7676-a0a0-6a67f413f7fd', '53a45ee0-64d1-433a-8ca5-bd187003d376', 'b0fc8cff-d5b1-11ef-95ea-7085c2a8d15a', 1, 'Stück', 2.190, NULL, 'Beide', NULL, NULL, '2025-01-04 22:15:23'),
	('0194332c-378c-7c05-bfed-53395dfe2b31', '53a45ee0-64d1-433a-8ca5-bd187003d376', 'b0fc8cdc-d5b1-11ef-95ea-7085c2a8d15a', 3, 'Stück', 2.550, NULL, 'Maria', NULL, NULL, '2025-01-04 22:15:23'),
	('0194332c-378c-7f98-96f9-5eead16974a4', '53a45ee0-64d1-433a-8ca5-bd187003d376', 'b0fc8d18-d5b1-11ef-95ea-7085c2a8d15a', 1, 'Stück', 1.990, NULL, 'Beide', NULL, NULL, '2025-01-04 22:15:23'),
	('0194332c-378c-7fc4-baa3-d63d11da1162', '53a45ee0-64d1-433a-8ca5-bd187003d376', 'b0fc8e3c-d5b1-11ef-95ea-7085c2a8d15a', 1, 'Stück', 1.990, NULL, 'Stefan', NULL, NULL, '2025-01-04 22:15:23'),
	('0194332c-378d-7303-b952-32d5bfd7d88c', '53a45ee0-64d1-433a-8ca5-bd187003d376', 'b0fc8e44-d5b1-11ef-95ea-7085c2a8d15a', 1, 'Stück', 1.790, NULL, 'Stefan', NULL, NULL, '2025-01-04 22:15:23'),
	('0194332c-378d-78f2-8729-32a73421f9db', '53a45ee0-64d1-433a-8ca5-bd187003d376', 'b0fc8e4c-d5b1-11ef-95ea-7085c2a8d15a', 1, 'Stück', 0.990, NULL, 'Beide', NULL, NULL, '2025-01-04 22:15:23'),
	('0194332c-378d-7bfd-9ace-d5bd358b6e4e', '53a45ee0-64d1-433a-8ca5-bd187003d376', 'b0fc8d07-d5b1-11ef-95ea-7085c2a8d15a', 2, 'Stück', 1.300, NULL, 'Stefan', NULL, NULL, '2025-01-04 22:15:23'),
	('0194332c-378d-7e09-8dfc-8d6862163def', '53a45ee0-64d1-433a-8ca5-bd187003d376', 'b0fc8d21-d5b1-11ef-95ea-7085c2a8d15a', 1, 'Stück', 0.590, NULL, 'Stefan', NULL, NULL, '2025-01-04 22:15:23'),
	('0194332c-378e-7082-aa9c-b45ef91c7921', '53a45ee0-64d1-433a-8ca5-bd187003d376', 'b0fc8e6e-d5b1-11ef-95ea-7085c2a8d15a', 0.814, 'kg', 1.130, NULL, 'Beide', NULL, NULL, '2025-01-04 22:15:23'),
	('0194332c-378e-736c-bd90-564d65a953e9', '53a45ee0-64d1-433a-8ca5-bd187003d376', 'b0fc8e75-d5b1-11ef-95ea-7085c2a8d15a', 3, 'Stück', 7.170, NULL, 'Beide', NULL, NULL, '2025-01-04 22:15:23'),
	('0194332c-378e-7daa-b101-b54971b2a67d', '53a45ee0-64d1-433a-8ca5-bd187003d376', 'b0fc8e7f-d5b1-11ef-95ea-7085c2a8d15a', 1, 'Stück', 1.690, NULL, 'Maria', NULL, NULL, '2025-01-04 22:15:23'),
	('0194332c-378e-7f07-949e-9724201695fd', '53a45ee0-64d1-433a-8ca5-bd187003d376', 'b0fc8e87-d5b1-11ef-95ea-7085c2a8d15a', 1, 'Stück', 1.090, NULL, 'Beide', NULL, NULL, '2025-01-04 22:15:23'),
	('0194332c-378f-71dc-950c-79f2562a17a3', '53a45ee0-64d1-433a-8ca5-bd187003d376', 'b0fc8e8f-d5b1-11ef-95ea-7085c2a8d15a', 0.33, 'kg', 0.990, NULL, 'Beide', NULL, NULL, '2025-01-04 22:15:23'),
	('0194332c-378f-7a19-bc2c-d3eb77b127fb', '53a45ee0-64d1-433a-8ca5-bd187003d376', 'b0fc8d29-d5b1-11ef-95ea-7085c2a8d15a', 0.28, 'kg', 0.450, NULL, 'Beide', NULL, NULL, '2025-01-04 22:15:23'),
	('0194332c-3790-7584-8b1c-2807f8daa9de', '53a45ee0-64d1-433a-8ca5-bd187003d376', 'b0fc8cc6-d5b1-11ef-95ea-7085c2a8d15a', 0.846, 'kg', 2.530, NULL, 'Beide', NULL, NULL, '2025-01-04 22:15:23'),
	('019445b9-fbdf-762e-a609-757955ee2027', '60ae457b-bfd8-4695-94ea-77b4e0997289', 'b0fc8ead-d5b1-11ef-95ea-7085c2a8d15a', 1, 'Stück', 2.190, NULL, 'Beide', NULL, NULL, '2025-01-08 12:43:24'),
	('019445b9-fbe4-73d7-866e-a773f8e90725', '60ae457b-bfd8-4695-94ea-77b4e0997289', 'b0fc8eb5-d5b1-11ef-95ea-7085c2a8d15a', 1, 'Stück', 1.290, NULL, 'Maria', NULL, NULL, '2025-01-08 12:43:24'),
	('019445b9-fbe4-76e1-85f6-7f5fde36cd3b', '60ae457b-bfd8-4695-94ea-77b4e0997289', 'b0fc8ec5-d5b1-11ef-95ea-7085c2a8d15a', 1, 'Stück', 2.990, NULL, 'Beide', NULL, NULL, '2025-01-08 12:43:24'),
	('019445b9-fbe4-774c-9d86-8f5f72594c14', '60ae457b-bfd8-4695-94ea-77b4e0997289', 'b0fc8ecf-d5b1-11ef-95ea-7085c2a8d15a', 1, 'Stück', 1.790, NULL, 'Beide', NULL, NULL, '2025-01-08 12:43:24'),
	('019445b9-fbe4-7e60-8aef-673aa69c2732', '60ae457b-bfd8-4695-94ea-77b4e0997289', 'b0fc8ed7-d5b1-11ef-95ea-7085c2a8d15a', 1, 'Stück', 1.890, NULL, 'Maria', NULL, NULL, '2025-01-08 12:43:24'),
	('019445b9-fbe5-7892-82b4-3b9d29c1fc5d', '60ae457b-bfd8-4695-94ea-77b4e0997289', 'b0fc8cdc-d5b1-11ef-95ea-7085c2a8d15a', 3, 'Stück', 2.550, NULL, 'Maria', NULL, NULL, '2025-01-08 12:43:24'),
	('019445b9-fbe5-7a89-b336-a90152e0a888', '60ae457b-bfd8-4695-94ea-77b4e0997289', 'b0fc8e4c-d5b1-11ef-95ea-7085c2a8d15a', 1, 'Stück', 0.990, NULL, 'Beide', NULL, NULL, '2025-01-08 12:43:24'),
	('019445b9-fbe5-7f75-8f05-a565f69caa5c', '60ae457b-bfd8-4695-94ea-77b4e0997289', 'b0fc8ef7-d5b1-11ef-95ea-7085c2a8d15a', 1, 'Stück', 4.190, NULL, 'Maria', NULL, NULL, '2025-01-08 12:43:24'),
	('019445b9-fbe5-7f7a-ae2e-4c0c63538c4b', '60ae457b-bfd8-4695-94ea-77b4e0997289', 'b0fc8d21-d5b1-11ef-95ea-7085c2a8d15a', 3, 'Stück', 1.770, NULL, 'Beide', NULL, NULL, '2025-01-08 12:43:24'),
	('019445b9-fbe6-704e-9c58-2bbe6c2c200b', '60ae457b-bfd8-4695-94ea-77b4e0997289', 'b0fc8f0d-d5b1-11ef-95ea-7085c2a8d15a', 2, 'Stück', 2.180, NULL, 'Beide', NULL, NULL, '2025-01-08 12:43:24'),
	('019445b9-fbe6-734f-b77a-ff5cab3128fc', '60ae457b-bfd8-4695-94ea-77b4e0997289', 'b0fc8f16-d5b1-11ef-95ea-7085c2a8d15a', 1, 'Stück', 0.990, NULL, 'Beide', NULL, NULL, '2025-01-08 12:43:24'),
	('019445b9-fbe6-7a49-adcb-13ede9140fd2', '60ae457b-bfd8-4695-94ea-77b4e0997289', 'b0fc8dd8-d5b1-11ef-95ea-7085c2a8d15a', 1, 'Stück', 1.590, NULL, 'Stefan', NULL, NULL, '2025-01-08 12:43:24'),
	('019445b9-fbe6-7c11-875a-131500476384', '60ae457b-bfd8-4695-94ea-77b4e0997289', 'b0fc8f2b-d5b1-11ef-95ea-7085c2a8d15a', 3, 'Stück', 3.270, NULL, 'Beide', NULL, NULL, '2025-01-08 12:43:24'),
	('019445b9-fbe7-774c-9720-808fb22ef9d5', '60ae457b-bfd8-4695-94ea-77b4e0997289', 'b0fc8cd1-d5b1-11ef-95ea-7085c2a8d15a', 2, 'Stück', 1.980, NULL, 'Beide', NULL, NULL, '2025-01-08 12:43:24'),
	('019445b9-fbe7-78a5-b202-f1fe53ff1fe8', '60ae457b-bfd8-4695-94ea-77b4e0997289', 'b0fc8cc6-d5b1-11ef-95ea-7085c2a8d15a', 0.802, 'kg', 2.400, NULL, 'Beide', NULL, NULL, '2025-01-08 12:43:24'),
	('01945638-8cd3-7bae-87e5-0adf9020d00d', '56747b55-8484-42c3-b56c-cb8640415a28', 'b0fc8f4b-d5b1-11ef-95ea-7085c2a8d15a', 1, 'Stück', 0.950, NULL, 'Stefan', NULL, NULL, '2025-01-11 17:35:34'),
	('01945638-8cd8-7ab8-9a6b-953cb608e173', '56747b55-8484-42c3-b56c-cb8640415a28', 'b0fc8ec5-d5b1-11ef-95ea-7085c2a8d15a', 1, 'Stück', 2.990, NULL, 'Beide', NULL, NULL, '2025-01-11 17:35:34'),
	('01945638-8cd9-72e9-bef2-1d097fe3987d', '56747b55-8484-42c3-b56c-cb8640415a28', 'b0fc8cee-d5b1-11ef-95ea-7085c2a8d15a', 1, 'Stück', 0.790, NULL, 'Stefan', NULL, NULL, '2025-01-11 17:35:34'),
	('01945638-8cd9-733d-867a-31786954678c', '56747b55-8484-42c3-b56c-cb8640415a28', 'b0fc8e3c-d5b1-11ef-95ea-7085c2a8d15a', 1, 'Stück', 1.990, NULL, 'Stefan', NULL, NULL, '2025-01-11 17:35:34'),
	('01945638-8cd9-77b6-a16d-1cb8d0531365', '56747b55-8484-42c3-b56c-cb8640415a28', 'b0fc8f76-d5b1-11ef-95ea-7085c2a8d15a', 1, 'Stück', 0.890, NULL, 'Beide', NULL, NULL, '2025-01-11 17:35:34'),
	('01945638-8cd9-796a-85c2-5de78793c09f', '56747b55-8484-42c3-b56c-cb8640415a28', 'b0fc8f7e-d5b1-11ef-95ea-7085c2a8d15a', 1, 'Stück', 2.790, NULL, 'Beide', NULL, NULL, '2025-01-11 17:35:34'),
	('01945638-8cda-7443-bdc9-c900c9f42e22', '56747b55-8484-42c3-b56c-cb8640415a28', 'b0fc8d07-d5b1-11ef-95ea-7085c2a8d15a', 1, 'Stück', 0.650, NULL, 'Stefan', NULL, NULL, '2025-01-11 17:35:34'),
	('01945638-8cda-76ef-b4a6-2fd79fc0fc94', '56747b55-8484-42c3-b56c-cb8640415a28', 'b0fc8f93-d5b1-11ef-95ea-7085c2a8d15a', 1, 'Stück', 1.290, NULL, 'Stefan', NULL, NULL, '2025-01-11 17:35:34'),
	('01945638-8cda-7783-b6c2-c87e95cae9e4', '56747b55-8484-42c3-b56c-cb8640415a28', 'b0fc8d21-d5b1-11ef-95ea-7085c2a8d15a', 1, 'Stück', 0.590, NULL, 'Stefan', NULL, NULL, '2025-01-11 17:35:34'),
	('01945638-8cdb-72a3-893d-8e99e955d4bf', '56747b55-8484-42c3-b56c-cb8640415a28', 'b0fc8f0d-d5b1-11ef-95ea-7085c2a8d15a', 2, 'Stück', 2.180, NULL, 'Beide', NULL, NULL, '2025-01-11 17:35:34'),
	('01945638-8cdb-7d08-9a53-a0b21fb45012', '56747b55-8484-42c3-b56c-cb8640415a28', 'b0fc8fb5-d5b1-11ef-95ea-7085c2a8d15a', 0.826, 'kg', 1.480, NULL, 'Beide', NULL, NULL, '2025-01-11 17:35:34'),
	('019469be-fe96-7683-9cc3-14e9da303eb7', '05b8038d-20a4-45d1-ae75-0bcd71f8481e', 'b0fc8fbd-d5b1-11ef-95ea-7085c2a8d15a', 1, 'Stück', 8.190, NULL, 'Maria', NULL, NULL, '2025-01-15 12:35:12'),
	('019469be-fe9b-7251-b36d-4cd333eaed42', '05b8038d-20a4-45d1-ae75-0bcd71f8481e', 'b0fc8c40-d5b1-11ef-95ea-7085c2a8d15a', 1, 'Stück', 1.390, NULL, 'Stefan', NULL, NULL, '2025-01-15 12:35:12'),
	('019469be-fe9b-75dc-a3bf-377c4b5d774c', '05b8038d-20a4-45d1-ae75-0bcd71f8481e', 'b0fc8eb5-d5b1-11ef-95ea-7085c2a8d15a', 1, 'Stück', 1.290, NULL, 'Maria', NULL, NULL, '2025-01-15 12:35:12'),
	('019469be-fe9b-7cc0-8c69-e8a18cf549a4', '05b8038d-20a4-45d1-ae75-0bcd71f8481e', 'b0fc8fed-d5b1-11ef-95ea-7085c2a8d15a', 1, 'Stück', 2.190, NULL, 'Stefan', NULL, NULL, '2025-01-15 12:35:12'),
	('019469be-fe9c-71f3-b602-45d1f439f2cb', '05b8038d-20a4-45d1-ae75-0bcd71f8481e', 'b0fc8ff9-d5b1-11ef-95ea-7085c2a8d15a', 1, 'Stück', 2.850, NULL, 'Beide', NULL, NULL, '2025-01-15 12:35:12'),
	('019469be-fe9c-7229-bf23-b45f2733025a', '05b8038d-20a4-45d1-ae75-0bcd71f8481e', 'b0fc9003-d5b1-11ef-95ea-7085c2a8d15a', 1, 'Stück', 2.090, NULL, 'Beide', NULL, NULL, '2025-01-15 12:35:12'),
	('019469be-fe9c-74ea-b827-e3ca17cdb2de', '05b8038d-20a4-45d1-ae75-0bcd71f8481e', 'b0fc8e7f-d5b1-11ef-95ea-7085c2a8d15a', 1, 'Stück', 0.790, NULL, 'Stefan', NULL, NULL, '2025-01-15 12:35:12'),
	('019469be-fe9c-7cce-861e-564403d6bf8f', '05b8038d-20a4-45d1-ae75-0bcd71f8481e', 'b0fc8f93-d5b1-11ef-95ea-7085c2a8d15a', 1, 'Stück', 1.290, NULL, 'Stefan', NULL, NULL, '2025-01-15 12:35:12'),
	('019469be-fe9d-7301-9e2a-8a44c3fb6294', '05b8038d-20a4-45d1-ae75-0bcd71f8481e', 'b0fc9024-d5b1-11ef-95ea-7085c2a8d15a', 2, 'Stück', 3.780, NULL, 'Beide', NULL, NULL, '2025-01-15 12:35:12'),
	('019469be-fe9d-762e-9cc1-a37ae5a66cf3', '05b8038d-20a4-45d1-ae75-0bcd71f8481e', 'b0fc8f0d-d5b1-11ef-95ea-7085c2a8d15a', 3, 'Stück', 3.270, NULL, 'Beide', NULL, NULL, '2025-01-15 12:35:12'),
	('019469be-fe9d-7ce5-b8b6-770f22756fdf', '05b8038d-20a4-45d1-ae75-0bcd71f8481e', 'b0fc8db7-d5b1-11ef-95ea-7085c2a8d15a', 1, 'Stück', 1.390, NULL, 'Stefan', NULL, NULL, '2025-01-15 12:35:12'),
	('019469be-fe9d-7f36-9c89-fd95cfb380f4', '05b8038d-20a4-45d1-ae75-0bcd71f8481e', 'b0fc9045-d5b1-11ef-95ea-7085c2a8d15a', 1, 'Stück', 3.490, NULL, 'Stefan', NULL, NULL, '2025-01-15 12:35:12'),
	('019469be-fe9e-7053-8f10-58fcfe33bdd6', '05b8038d-20a4-45d1-ae75-0bcd71f8481e', 'b0fc8cd1-d5b1-11ef-95ea-7085c2a8d15a', 2, 'Stück', 2.380, NULL, 'Beide', NULL, NULL, '2025-01-15 12:35:12'),
	('019474ed-3b4b-7872-8308-368c503355f4', 'a23f38c7-5eee-4627-af45-8f6aa5455497', 'b0fc905c-d5b1-11ef-95ea-7085c2a8d15a', 1, 'Stück', 1.990, NULL, 'Stefan', NULL, NULL, '2025-01-17 16:41:31'),
	('019474ed-3b51-7183-956b-92dda2b90212', 'a23f38c7-5eee-4627-af45-8f6aa5455497', 'b0fc8cff-d5b1-11ef-95ea-7085c2a8d15a', 1, 'Stück', 2.190, NULL, 'Stefan', NULL, NULL, '2025-01-17 16:41:31'),
	('019474ed-3b51-7619-887d-f5b54883a18c', 'a23f38c7-5eee-4627-af45-8f6aa5455497', 'b0fc8e44-d5b1-11ef-95ea-7085c2a8d15a', 1, 'Stück', 1.790, NULL, 'Stefan', NULL, NULL, '2025-01-17 16:41:31'),
	('019474ed-3b51-7673-a965-70af086d5d92', 'a23f38c7-5eee-4627-af45-8f6aa5455497', 'b0fc8d07-d5b1-11ef-95ea-7085c2a8d15a', 2, 'Stück', 1.300, NULL, 'Stefan', NULL, NULL, '2025-01-17 16:41:31'),
	('019474ed-3b52-705b-b75a-d22dec8681c0', 'a23f38c7-5eee-4627-af45-8f6aa5455497', 'b0fc9088-d5b1-11ef-95ea-7085c2a8d15a', 1, 'Stück', 0.890, NULL, 'Beide', NULL, NULL, '2025-01-17 16:41:31'),
	('019474ed-3b52-7100-8a5e-e46ab4aa21d4', 'a23f38c7-5eee-4627-af45-8f6aa5455497', 'b0fc8d21-d5b1-11ef-95ea-7085c2a8d15a', 1, 'Stück', 0.590, NULL, 'Stefan', NULL, NULL, '2025-01-17 16:41:31'),
	('019474ed-3b52-7a7b-997e-a5f28f1111ec', 'a23f38c7-5eee-4627-af45-8f6aa5455497', 'b0fc8f0d-d5b1-11ef-95ea-7085c2a8d15a', 3, 'Stück', 3.270, NULL, 'Beide', NULL, NULL, '2025-01-17 16:41:31'),
	('019474ed-3b52-7a84-af32-0651de5d3791', 'a23f38c7-5eee-4627-af45-8f6aa5455497', 'b0fc90b5-d5b1-11ef-95ea-7085c2a8d15a', 1, 'Stück', 2.090, NULL, 'Beide', NULL, NULL, '2025-01-17 16:41:31'),
	('019474ed-3b53-73da-a9c9-c86fdbd82fad', 'a23f38c7-5eee-4627-af45-8f6aa5455497', 'b0fc8f2b-d5b1-11ef-95ea-7085c2a8d15a', 2, 'Stück', 3.180, NULL, 'Beide', NULL, NULL, '2025-01-17 16:41:31'),
	('019474ed-3b53-7695-b84b-616ab550d970', 'a23f38c7-5eee-4627-af45-8f6aa5455497', 'b0fc90cb-d5b1-11ef-95ea-7085c2a8d15a', 1, 'Stück', 1.890, NULL, 'Stefan', NULL, NULL, '2025-01-17 16:41:31'),
	('019474ed-3b53-79a4-8cce-2a3aea080322', 'a23f38c7-5eee-4627-af45-8f6aa5455497', 'b0fc8f16-d5b1-11ef-95ea-7085c2a8d15a', 1, 'Stück', 0.990, NULL, 'Stefan', NULL, NULL, '2025-01-17 16:41:31'),
	('019474ed-3b53-7c7c-966c-afe0ceed941d', 'a23f38c7-5eee-4627-af45-8f6aa5455497', 'b0fc90e3-d5b1-11ef-95ea-7085c2a8d15a', 1, 'Stück', 0.790, NULL, 'Stefan', NULL, NULL, '2025-01-17 16:41:31'),
	('019474ed-3b54-7849-ae49-42ea97d415b6', 'a23f38c7-5eee-4627-af45-8f6aa5455497', 'b0fc8cd1-d5b1-11ef-95ea-7085c2a8d15a', 1, 'Stück', 1.190, NULL, 'Beide', NULL, NULL, '2025-01-17 16:41:31'),
	('019474ed-3b54-7c86-b16d-4ad11ffa2a4a', 'a23f38c7-5eee-4627-af45-8f6aa5455497', 'b0fc8dc0-d5b1-11ef-95ea-7085c2a8d15a', 0.214, 'kg', 0.530, NULL, 'Stefan', NULL, NULL, '2025-01-17 16:41:31'),
	('019474ed-3b54-7c9a-96ef-b8773b01491e', 'a23f38c7-5eee-4627-af45-8f6aa5455497', 'b0fc8e8f-d5b1-11ef-95ea-7085c2a8d15a', 0.49, 'kg', 1.470, NULL, 'Stefan', NULL, NULL, '2025-01-17 16:41:31'),
	('019474ed-3b55-70f1-874b-4a7c19288b3b', 'a23f38c7-5eee-4627-af45-8f6aa5455497', 'b0fc8cc6-d5b1-11ef-95ea-7085c2a8d15a', 0.64, 'kg', 1.910, NULL, 'Beide', NULL, NULL, '2025-01-17 16:41:31'),
	('019479a8-dfd4-7195-b654-585b865f06df', 'b6fb021f-63bc-4343-bf10-c53e64a93444', 'b0fc911a-d5b1-11ef-95ea-7085c2a8d15a', 1, 'Stück', 2.690, NULL, 'Stefan', NULL, NULL, '2025-01-18 14:44:58'),
	('019479a8-dfd8-73e6-b46d-a0db43c4f1b5', 'b6fb021f-63bc-4343-bf10-c53e64a93444', 'b0fc8f0d-d5b1-11ef-95ea-7085c2a8d15a', 5, 'Stück', 5.450, NULL, 'Beide', NULL, NULL, '2025-01-18 14:44:58'),
	('0194849c-734c-76d5-b943-65651a4685b3', 'cc86eccd-d98a-4747-8adc-6ad91cbfda8f', 'b0fc8ed7-d5b1-11ef-95ea-7085c2a8d15a', 1, 'Stück', 1.890, NULL, 'Maria', NULL, NULL, '2025-01-20 17:47:13'),
	('0194849c-7399-71b3-a82b-6c0e2f11231a', 'cc86eccd-d98a-4747-8adc-6ad91cbfda8f', 'b0fc8fed-d5b1-11ef-95ea-7085c2a8d15a', 1, 'Stück', 2.190, NULL, 'Beide', NULL, NULL, '2025-01-20 17:47:13'),
	('0194849c-73ab-7991-ab2d-3e0feee6f806', 'cc86eccd-d98a-4747-8adc-6ad91cbfda8f', 'b0fc8ef7-d5b1-11ef-95ea-7085c2a8d15a', 1, 'Stück', 3.090, NULL, 'Maria', NULL, NULL, '2025-01-20 17:47:13'),
	('0194849c-73ae-71c0-8d13-1a9621a3a7c3', 'cc86eccd-d98a-4747-8adc-6ad91cbfda8f', '0194849c-73b0-72a9-8e83-d414f3970c0b', 2, 'Stück', 1.580, NULL, 'Beide', 1, NULL, '2025-01-20 17:47:13'),
	('0194849c-73c3-7343-b6d1-e5b8c618c0c7', 'cc86eccd-d98a-4747-8adc-6ad91cbfda8f', '0194849c-73c5-7b83-8067-60ac2d8bb9d3', 1, 'Stück', 1.290, NULL, 'Stefan', 1, NULL, '2025-01-20 17:47:13'),
	('0194849c-73c9-75cd-82a3-385b9a01138f', 'cc86eccd-d98a-4747-8adc-6ad91cbfda8f', '0194849c-73cc-7fda-a29c-e2f069e5603b', 1, 'Stück', 1.990, NULL, 'Stefan', 1, NULL, '2025-01-20 17:47:13'),
	('0194849c-73d0-7b61-875d-59a644770bbc', 'cc86eccd-d98a-4747-8adc-6ad91cbfda8f', '0194849c-73d2-7894-80d9-ee705676010f', 1, 'Stück', 2.590, NULL, 'Stefan', 1, NULL, '2025-01-20 17:47:13'),
	('0194849c-73d6-7a45-86a0-d6368a1ad00c', 'cc86eccd-d98a-4747-8adc-6ad91cbfda8f', '0194849c-73d8-7f2f-8c07-7294fcdb6f98', 1, 'Stück', 1.290, NULL, 'Stefan', 1, NULL, '2025-01-20 17:47:13'),
	('0194849c-73dc-75d3-944f-628896778feb', 'cc86eccd-d98a-4747-8adc-6ad91cbfda8f', 'b0fc8e7f-d5b1-11ef-95ea-7085c2a8d15a', 1, 'Stück', 0.790, NULL, 'Maria', NULL, NULL, '2025-01-20 17:47:13'),
	('0194849c-73df-7734-a8ee-6f09f52d4ce9', 'cc86eccd-d98a-4747-8adc-6ad91cbfda8f', '0194849c-73e1-7f02-9e5c-938120d5e3a0', 1, 'Stück', 1.090, NULL, 'Stefan', 1, NULL, '2025-01-20 17:47:13'),
	('0194849c-73ee-7a08-8d03-72365b5b0dc2', 'cc86eccd-d98a-4747-8adc-6ad91cbfda8f', 'b0fc8f0d-d5b1-11ef-95ea-7085c2a8d15a', 3, 'Stück', 3.270, NULL, 'Beide', NULL, NULL, '2025-01-20 17:47:13'),
	('0194849c-73f0-7522-b84d-48e25f9c1469', 'cc86eccd-d98a-4747-8adc-6ad91cbfda8f', '0194849c-73f2-742f-b4fd-73da808a7448', 1, 'Stück', 1.690, NULL, 'Stefan', 1, NULL, '2025-01-20 17:47:13'),
	('0194849c-73f6-70dc-8eb6-95d94842567e', 'cc86eccd-d98a-4747-8adc-6ad91cbfda8f', 'b0fc8f2b-d5b1-11ef-95ea-7085c2a8d15a', 3, 'Stück', 4.770, NULL, 'Beide', NULL, NULL, '2025-01-20 17:47:13'),
	('0194849c-73f9-7ea1-a120-4a8bfb9b5edb', 'cc86eccd-d98a-4747-8adc-6ad91cbfda8f', 'b0fc8e6e-d5b1-11ef-95ea-7085c2a8d15a', 0.62, 'kg', 0.800, NULL, 'Beide', NULL, NULL, '2025-01-20 17:47:13'),
	('0194849c-73fb-7f5e-affc-52f3ddf31779', 'cc86eccd-d98a-4747-8adc-6ad91cbfda8f', 'b0fc8cd1-d5b1-11ef-95ea-7085c2a8d15a', 2, 'Stück', 2.780, NULL, 'Beide', NULL, NULL, '2025-01-20 17:47:13'),
	('0194849c-73fd-79a7-aa04-a1f3eb9b9452', 'cc86eccd-d98a-4747-8adc-6ad91cbfda8f', 'b0fc8cc6-d5b1-11ef-95ea-7085c2a8d15a', 0.764, 'kg', 2.280, NULL, 'Beide', NULL, NULL, '2025-01-20 17:47:13'),
	('01948ea9-8ff6-743a-b015-e8d869954522', 'a80eea90-757b-432d-9910-4285c096a2e1', '01948e90-8bab-7f22-8b66-399562e002a2', 1, 'Stück', 1.790, NULL, 'Maria', NULL, NULL, '2025-01-22 16:37:44'),
	('01948eaa-9b1d-73e0-9aed-396b7c6bfaca', 'a80eea90-757b-432d-9910-4285c096a2e1', '01948e90-8bd5-7bc1-8013-240e4c95418b', 1, 'Stück', 2.990, NULL, 'Stefan', NULL, NULL, '2025-01-22 16:38:53'),
	('01948eac-115e-7fd4-806d-720a9c6b40ab', 'a80eea90-757b-432d-9910-4285c096a2e1', 'b0fc8ff9-d5b1-11ef-95ea-7085c2a8d15a', 1, 'Stück', 2.850, NULL, 'Beide', NULL, NULL, '2025-01-22 16:40:28'),
	('01948eac-1813-7820-8666-548899d62461', 'a80eea90-757b-432d-9910-4285c096a2e1', 'b0fc8cdc-d5b1-11ef-95ea-7085c2a8d15a', 4, 'Stück', 3.400, NULL, 'Beide', NULL, NULL, '2025-01-22 16:40:30'),
	('01948eac-1818-78aa-909f-4a9451c70c2f', 'a80eea90-757b-432d-9910-4285c096a2e1', 'b0fc8e4c-d5b1-11ef-95ea-7085c2a8d15a', 1, 'Stück', 0.990, NULL, 'Beide', NULL, NULL, '2025-01-22 16:40:30'),
	('01948eac-181b-7f5e-aa70-36501bb694c9', 'a80eea90-757b-432d-9910-4285c096a2e1', '01948e90-8be7-778d-83b2-b37220e4e31a', 1, 'Stück', 2.790, NULL, 'Beide', NULL, NULL, '2025-01-22 16:40:30'),
	('01948eac-181f-7d69-98d0-a55bcc2877b7', 'a80eea90-757b-432d-9910-4285c096a2e1', '01948e90-8bec-77a4-b75d-3746561f0ab5', 1, 'Stück', 3.450, NULL, 'Maria', NULL, NULL, '2025-01-22 16:40:30'),
	('01948eac-1823-7f07-9484-035e45c9a675', 'a80eea90-757b-432d-9910-4285c096a2e1', 'b0fc8f0d-d5b1-11ef-95ea-7085c2a8d15a', 2, 'Stück', 2.180, NULL, 'Beide', NULL, NULL, '2025-01-22 16:40:30'),
	('01948eac-1826-740f-8d1e-d9d712023811', 'a80eea90-757b-432d-9910-4285c096a2e1', '01948e90-8bf4-71da-a67a-2627e2588fb8', 1, 'Stück', 0.690, NULL, 'Stefan', NULL, NULL, '2025-01-22 16:40:30'),
	('01948eac-1847-76ac-93a4-ceaf63bd7cd1', 'a80eea90-757b-432d-9910-4285c096a2e1', '01948e90-8bf8-760f-9a01-933cc911ad58', 1, 'Stück', 2.690, NULL, 'Beide', NULL, NULL, '2025-01-22 16:40:30'),
	('01948eac-184b-7737-8380-e9c95ae4179f', 'a80eea90-757b-432d-9910-4285c096a2e1', '01948e90-8bfe-7e86-9b29-0f87223ddd67', 1, 'Stück', 0.490, NULL, 'Maria', NULL, NULL, '2025-01-22 16:40:30'),
	('01948eac-184e-7159-99bb-8e7a66e344fb', 'a80eea90-757b-432d-9910-4285c096a2e1', 'b0fc8cd1-d5b1-11ef-95ea-7085c2a8d15a', 1, 'Stück', 1.390, NULL, 'Beide', NULL, NULL, '2025-01-22 16:40:30'),
	('01948eac-1852-7093-850e-ab82af0ffe29', 'a80eea90-757b-432d-9910-4285c096a2e1', '01948e90-8c04-72fe-a4cf-17954c70fc13', 3, 'Stück', 5.970, NULL, 'Beide', NULL, NULL, '2025-01-22 16:40:30'),
	('01948eac-1855-70f2-9327-ca5f22a351bb', 'a80eea90-757b-432d-9910-4285c096a2e1', 'b0fc8dc0-d5b1-11ef-95ea-7085c2a8d15a', 0.308, 'kg', 1.230, NULL, 'Stefan', NULL, NULL, '2025-01-22 16:40:30'),
	('019498f6-9639-73a2-b771-b3c825f35904', '57923736-8410-40ff-afb7-d01d6dfb201c', 'b0fc8e0e-d5b1-11ef-95ea-7085c2a8d15a', 1, 'Stück', 2.190, NULL, 'Maria', NULL, NULL, '2025-01-24 16:38:04'),
	('019498f6-968e-74e8-9e0b-d48ee9f45f9e', '57923736-8410-40ff-afb7-d01d6dfb201c', 'b0fc8dfc-d5b1-11ef-95ea-7085c2a8d15a', 1, 'Stück', 0.950, NULL, 'Maria', NULL, NULL, '2025-01-24 16:38:04'),
	('019498f6-9693-7e05-b6c4-3e6c21382bcd', '57923736-8410-40ff-afb7-d01d6dfb201c', 'b0fc8ed7-d5b1-11ef-95ea-7085c2a8d15a', 1, 'Stück', 1.890, NULL, 'Maria', NULL, NULL, '2025-01-24 16:38:04'),
	('019498f6-9695-7252-a614-adbedb1758ed', '57923736-8410-40ff-afb7-d01d6dfb201c', 'b0fc8d18-d5b1-11ef-95ea-7085c2a8d15a', 1, 'Stück', 1.990, NULL, 'Maria', NULL, NULL, '2025-01-24 16:38:04'),
	('019498f6-9698-7456-b722-fd124f360ce0', '57923736-8410-40ff-afb7-d01d6dfb201c', '019498f6-969a-716c-a2d1-8617a1386386', 1, 'Stück', 2.790, NULL, 'Stefan', 1, NULL, '2025-01-24 16:38:04'),
	('019498f6-96ae-7694-bda4-db05fd6746c5', '57923736-8410-40ff-afb7-d01d6dfb201c', '019498f6-96b1-7a67-b4e1-28554b6d1e3d', 2, 'Stück', 1.980, NULL, 'Stefan', 1, NULL, '2025-01-24 16:38:04'),
	('019498f6-96b5-7176-a11f-04a5c8443833', '57923736-8410-40ff-afb7-d01d6dfb201c', 'b0fc8e7f-d5b1-11ef-95ea-7085c2a8d15a', 1, 'Stück', 0.790, NULL, 'Stefan', NULL, NULL, '2025-01-24 16:38:04'),
	('019498f6-96b8-7acd-b089-3a3b37d1e191', '57923736-8410-40ff-afb7-d01d6dfb201c', 'b0fc8e7f-d5b1-11ef-95ea-7085c2a8d15a', 1, 'Stück', 1.690, NULL, 'Maria', NULL, NULL, '2025-01-24 16:38:04'),
	('019498f6-96bb-7367-bc69-a1d922189b26', '57923736-8410-40ff-afb7-d01d6dfb201c', '019498f6-96bd-755e-98da-ff0c2bf66038', 1, 'Stück', 2.590, NULL, 'Maria', 1, NULL, '2025-01-24 16:38:04'),
	('019498f6-96c2-7d62-8dae-8b729397285d', '57923736-8410-40ff-afb7-d01d6dfb201c', 'b0fc8db7-d5b1-11ef-95ea-7085c2a8d15a', 1, 'Stück', 1.390, NULL, 'Stefan', NULL, NULL, '2025-01-24 16:38:04'),
	('019498f6-96c4-752b-afca-028cff4dd7d3', '57923736-8410-40ff-afb7-d01d6dfb201c', 'b0fc8f0d-d5b1-11ef-95ea-7085c2a8d15a', 2, 'Stück', 2.180, NULL, 'Beide', NULL, NULL, '2025-01-24 16:38:04'),
	('019498f6-96c7-738a-a254-b8d6bec036da', '57923736-8410-40ff-afb7-d01d6dfb201c', '019498f6-96ca-71a9-856c-3e64ae28e4b8', 1, 'Stück', 1.090, NULL, 'Maria', 1, NULL, '2025-01-24 16:38:04'),
	('019498f6-96cf-7f6b-8a73-952abf324a7b', '57923736-8410-40ff-afb7-d01d6dfb201c', '019498f6-96d1-75bd-90ca-29e0df409416', 1, 'Stück', 2.090, NULL, 'Maria', 1, NULL, '2025-01-24 16:38:04'),
	('019498f6-96d5-7176-91f9-126d4476b0ce', '57923736-8410-40ff-afb7-d01d6dfb201c', 'b0fc8cd1-d5b1-11ef-95ea-7085c2a8d15a', 2, 'Stück', 2.780, NULL, 'Beide', NULL, NULL, '2025-01-24 16:38:04'),
	('019498f6-96d7-73d3-b215-675e45f32a0f', '57923736-8410-40ff-afb7-d01d6dfb201c', '01948e90-8c04-72fe-a4cf-17954c70fc13', 3, 'Stück', 5.970, NULL, 'Beide', NULL, NULL, '2025-01-24 16:38:04'),
	('0194a881-4c32-7fd5-9cb9-2d37b0a899f7', '3b6c3ef6-4951-47e9-ba83-18950034b3d4', 'b0fc8ed7-d5b1-11ef-95ea-7085c2a8d15a', 1, 'Stück', 1.890, NULL, 'Maria', NULL, NULL, '2025-01-27 17:03:53'),
	('0194a881-4c89-7f63-b55f-e666c06d5426', '3b6c3ef6-4951-47e9-ba83-18950034b3d4', 'b0fc8ef7-d5b1-11ef-95ea-7085c2a8d15a', 1, 'Stück', 4.190, NULL, 'Maria', NULL, NULL, '2025-01-27 17:03:53'),
	('0194a881-4c96-7b8d-9f7d-9c08f0661e84', '3b6c3ef6-4951-47e9-ba83-18950034b3d4', '0194a881-4c98-7cb1-ae91-7a688ede046c', 1, 'Stück', 1.990, NULL, 'Beide', 1, NULL, '2025-01-27 17:03:53'),
	('0194a881-4cb2-74a2-90c8-d47b0994ca4c', '3b6c3ef6-4951-47e9-ba83-18950034b3d4', 'b0fc8cdc-d5b1-11ef-95ea-7085c2a8d15a', 4, 'Stück', 3.400, NULL, 'Beide', NULL, NULL, '2025-01-27 17:03:53'),
	('0194a881-4cb5-7c0e-ade4-e15c401eb594', '3b6c3ef6-4951-47e9-ba83-18950034b3d4', '0194849c-73c5-7b83-8067-60ac2d8bb9d3', 1, 'Stück', 1.290, NULL, 'Stefan', NULL, NULL, '2025-01-27 17:03:53'),
	('0194a881-4cb8-7245-abec-8ab2bac64555', '3b6c3ef6-4951-47e9-ba83-18950034b3d4', 'b0fc8d67-d5b1-11ef-95ea-7085c2a8d15a', 1, 'Stück', 1.190, NULL, 'Stefan', NULL, NULL, '2025-01-27 17:03:53'),
	('0194a881-4cba-740c-b2f7-f0d7692b0a1e', '3b6c3ef6-4951-47e9-ba83-18950034b3d4', '0194a881-4cbd-7251-b5da-3eb923f9eb22', 1, 'Stück', 0.790, NULL, 'Stefan', 1, NULL, '2025-01-27 17:03:53'),
	('0194a881-4cc2-71e7-8bbd-769aeebc0692', '3b6c3ef6-4951-47e9-ba83-18950034b3d4', 'b0fc8e7f-d5b1-11ef-95ea-7085c2a8d15a', 1, 'Stück', 1.690, NULL, 'Maria', NULL, NULL, '2025-01-27 17:03:53'),
	('0194a881-4cc4-73a5-9963-82cda10181aa', '3b6c3ef6-4951-47e9-ba83-18950034b3d4', '0194a881-4cc7-7e33-869d-f3fd1a58b8a5', 1, 'Stück', 2.490, NULL, 'Beide', 1, NULL, '2025-01-27 17:03:53'),
	('0194a881-4cca-7c97-b6af-ddff68980a36', '3b6c3ef6-4951-47e9-ba83-18950034b3d4', '01948e90-8bec-77a4-b75d-3746561f0ab5', 1, 'Stück', 3.450, NULL, 'Maria', NULL, NULL, '2025-01-27 17:03:53'),
	('0194a881-4ccd-7dcd-8f86-721c484ffd02', '3b6c3ef6-4951-47e9-ba83-18950034b3d4', '0194a881-4ccf-7761-b449-ada898243fc2', 1, 'Stück', 1.590, NULL, 'Maria', 1, NULL, '2025-01-27 17:03:53'),
	('0194a881-4cd3-749f-8cf6-cd3de6daee9d', '3b6c3ef6-4951-47e9-ba83-18950034b3d4', 'b0fc8e87-d5b1-11ef-95ea-7085c2a8d15a', 1, 'Stück', 1.190, NULL, 'Beide', NULL, NULL, '2025-01-27 17:03:53'),
	('0194a881-4cd6-7e92-b485-0fc9f05ce6c6', '3b6c3ef6-4951-47e9-ba83-18950034b3d4', 'b0fc8db7-d5b1-11ef-95ea-7085c2a8d15a', 1, 'Stück', 1.390, NULL, 'Stefan', NULL, NULL, '2025-01-27 17:03:53'),
	('0194a881-4cd9-794b-8102-b8d492b1dd66', '3b6c3ef6-4951-47e9-ba83-18950034b3d4', 'b0fc8f0d-d5b1-11ef-95ea-7085c2a8d15a', 3, 'Stück', 3.270, NULL, 'Beide', NULL, NULL, '2025-01-27 17:03:53'),
	('0194a881-4cdb-70b5-bb80-ea949bb20aff', '3b6c3ef6-4951-47e9-ba83-18950034b3d4', '0194849c-73f2-742f-b4fd-73da808a7448', 1, 'Stück', 1.690, NULL, 'Stefan', NULL, NULL, '2025-01-27 17:03:53'),
	('0194a881-4cde-7590-96fe-02cc4c2f8729', '3b6c3ef6-4951-47e9-ba83-18950034b3d4', 'b0fc8dc0-d5b1-11ef-95ea-7085c2a8d15a', 0.256, 'kg', 1.020, NULL, 'Stefan', NULL, NULL, '2025-01-27 17:03:53'),
	('0194a881-4ce1-77d8-906b-e39d78150a9c', '3b6c3ef6-4951-47e9-ba83-18950034b3d4', '0194a881-4ce3-7faf-8b6a-4c6ff7e343d6', 1, 'Stück', 1.690, NULL, 'Beide', 1, NULL, '2025-01-27 17:03:53'),
	('0194b1d0-0526-7a06-aea3-e8e6de72fc83', '4f072a11-4712-4c6e-8bab-7d73efebfe52', '0194b1d0-0565-73fe-bf40-d7d1a76cb7e8', 1, 'Stück', 2.590, NULL, 'Beide', 1, NULL, '2025-01-29 12:26:27'),
	('0194b1d0-05ab-76e9-98bc-55f5ae1b1631', '4f072a11-4712-4c6e-8bab-7d73efebfe52', 'b0fc8ec5-d5b1-11ef-95ea-7085c2a8d15a', 1, 'Stück', 2.990, NULL, 'Beide', NULL, NULL, '2025-01-29 12:26:27'),
	('0194b1d0-05ca-7323-bbc1-593411cc154b', '4f072a11-4712-4c6e-8bab-7d73efebfe52', 'b0fc8ed7-d5b1-11ef-95ea-7085c2a8d15a', 1, 'Stück', 1.890, NULL, 'Maria', NULL, NULL, '2025-01-29 12:26:27'),
	('0194b1d0-05cc-71e6-aba5-c16514d8bc7c', '4f072a11-4712-4c6e-8bab-7d73efebfe52', 'b0fc8ff9-d5b1-11ef-95ea-7085c2a8d15a', 1, 'Stück', 2.850, NULL, 'Beide', NULL, NULL, '2025-01-29 12:26:27'),
	('0194b1d0-05cf-7546-ba0d-8e60daebe82d', '4f072a11-4712-4c6e-8bab-7d73efebfe52', 'b0fc8cdc-d5b1-11ef-95ea-7085c2a8d15a', 3, 'Stück', 2.550, NULL, 'Beide', NULL, NULL, '2025-01-29 12:26:27'),
	('0194b1d0-05d1-7bd2-80e8-13fc1c838cb9', '4f072a11-4712-4c6e-8bab-7d73efebfe52', '019498f6-969a-716c-a2d1-8617a1386386', 1, 'Stück', 2.790, NULL, 'Beide', NULL, NULL, '2025-01-29 12:26:27'),
	('0194b1d0-05d5-7ff7-9903-9e117821e181', '4f072a11-4712-4c6e-8bab-7d73efebfe52', 'b0fc8f93-d5b1-11ef-95ea-7085c2a8d15a', 1, 'Stück', 1.290, NULL, 'Stefan', NULL, NULL, '2025-01-29 12:26:27'),
	('0194b1d0-05d7-7550-994b-7dfd276dacbd', '4f072a11-4712-4c6e-8bab-7d73efebfe52', 'b0fc8e4c-d5b1-11ef-95ea-7085c2a8d15a', 1, 'Stück', 0.990, NULL, 'Beide', NULL, NULL, '2025-01-29 12:26:27'),
	('0194b1d0-05da-79fd-b586-94456554a370', '4f072a11-4712-4c6e-8bab-7d73efebfe52', '0194b1d0-05dc-7c18-bec2-4324484f768c', 1, 'Stück', 2.690, NULL, 'Stefan', 1, NULL, '2025-01-29 12:26:27'),
	('0194b1d0-05e0-7bd3-bcab-77a7b3a80699', '4f072a11-4712-4c6e-8bab-7d73efebfe52', 'b0fc8f0d-d5b1-11ef-95ea-7085c2a8d15a', 3, 'Stück', 3.270, NULL, 'Beide', NULL, NULL, '2025-01-29 12:26:27'),
	('0194b1d0-05e2-7bc8-bfd2-4784d2904397', '4f072a11-4712-4c6e-8bab-7d73efebfe52', '0194b1d0-05e5-76fa-99a2-534a758dcfb1', 1, 'Stück', 2.990, NULL, 'Stefan', 1, NULL, '2025-01-29 12:26:27'),
	('0194b1d0-05e9-77aa-b759-753d662a2229', '4f072a11-4712-4c6e-8bab-7d73efebfe52', 'b0fc8f16-d5b1-11ef-95ea-7085c2a8d15a', 1, 'Stück', 0.990, NULL, 'Beide', NULL, NULL, '2025-01-29 12:26:27'),
	('0194b1d0-05eb-7dfc-af05-cbc7cd4ce6bd', '4f072a11-4712-4c6e-8bab-7d73efebfe52', '01948e90-8c04-72fe-a4cf-17954c70fc13', 3, 'Stück', 5.970, NULL, 'Beide', NULL, NULL, '2025-01-29 12:26:27'),
	('0194b1d0-05ed-7166-8012-072cc78da8a8', '4f072a11-4712-4c6e-8bab-7d73efebfe52', '0194b1d0-05f0-7612-b7b6-fa024e62963d', 0.576, 'kg', 1.780, NULL, 'Beide', 1, NULL, '2025-01-29 12:26:27'),
	('0194b1d0-05f3-73ce-8db5-6fd8da781424', '4f072a11-4712-4c6e-8bab-7d73efebfe52', 'b0fc8cd1-d5b1-11ef-95ea-7085c2a8d15a', 2, 'Stück', 2.580, NULL, 'Beide', NULL, NULL, '2025-01-29 12:26:27'),
	('0194b1d0-05f5-7a8a-a9ef-4f4d70a02b78', '4f072a11-4712-4c6e-8bab-7d73efebfe52', '0194b1d0-05f8-76f2-a8da-964e4d61a4f0', 2, 'Stück', 1.980, NULL, 'Beide', 1, NULL, '2025-01-29 12:26:27'),
	('0194bc15-fb8e-76af-b48b-aeb06f833b36', '7d54c82a-d7a2-4a0f-9374-fd54ed4496c9', 'b0fc8ed7-d5b1-11ef-95ea-7085c2a8d15a', 1, 'Stück', 1.890, NULL, 'Maria', NULL, NULL, '2025-01-31 12:19:04'),
	('0194bc15-fbde-7f05-b5e3-ed4ca37e2566', '7d54c82a-d7a2-4a0f-9374-fd54ed4496c9', 'b0fc8ef7-d5b1-11ef-95ea-7085c2a8d15a', 1, 'Stück', 4.190, NULL, 'Maria', NULL, NULL, '2025-01-31 12:19:04'),
	('0194bc15-fbe3-72b3-8387-25f2f3fbd94a', '7d54c82a-d7a2-4a0f-9374-fd54ed4496c9', '0194a881-4c98-7cb1-ae91-7a688ede046c', 1, 'Stück', 1.990, NULL, 'Stefan', NULL, NULL, '2025-01-31 12:19:04'),
	('0194bc15-fbe7-73de-92ec-4f2c9d936604', '7d54c82a-d7a2-4a0f-9374-fd54ed4496c9', '0194bc15-fbea-76ca-aaae-cd29bb580134', 1, 'Stück', 1.990, NULL, 'Stefan', 1, NULL, '2025-01-31 12:19:04'),
	('0194bc15-fbfb-738d-ad25-192ae8181900', '7d54c82a-d7a2-4a0f-9374-fd54ed4496c9', '0194849c-73b0-72a9-8e83-d414f3970c0b', 2, 'Stück', 1.580, NULL, 'Beide', NULL, NULL, '2025-01-31 12:19:04'),
	('0194bc15-fbfe-7f65-aebd-2ad2925d16ab', '7d54c82a-d7a2-4a0f-9374-fd54ed4496c9', 'b0fc8cdc-d5b1-11ef-95ea-7085c2a8d15a', 3, 'Stück', 2.550, NULL, 'Beide', NULL, NULL, '2025-01-31 12:19:04'),
	('0194bc15-fc00-7ef2-8379-5553e8ff57a2', '7d54c82a-d7a2-4a0f-9374-fd54ed4496c9', '019498f6-969a-716c-a2d1-8617a1386386', 1, 'Stück', 2.790, NULL, 'Beide', NULL, NULL, '2025-01-31 12:19:04'),
	('0194bc15-fc03-7f09-b9b6-00042793dfb0', '7d54c82a-d7a2-4a0f-9374-fd54ed4496c9', 'b0fc8d07-d5b1-11ef-95ea-7085c2a8d15a', 3, 'Stück', 1.950, NULL, 'Stefan', NULL, NULL, '2025-01-31 12:19:04'),
	('0194bc15-fc05-7443-bd7c-5380d5557980', '7d54c82a-d7a2-4a0f-9374-fd54ed4496c9', '0194bc15-fc07-7132-8e3a-ff2309f622fb', 1, 'Stück', 2.190, NULL, 'Beide', 1, NULL, '2025-01-31 12:19:04'),
	('0194bc15-fc0b-7b9b-960a-a765fab55d58', '7d54c82a-d7a2-4a0f-9374-fd54ed4496c9', '0194bc15-fc0e-779f-a549-a86c629ff250', 1, 'Stück', 0.950, NULL, 'Stefan', 1, NULL, '2025-01-31 12:19:04'),
	('0194bc15-fc11-7557-9c97-74a7c8fb272b', '7d54c82a-d7a2-4a0f-9374-fd54ed4496c9', '0194bc15-fc13-7bb6-992a-00682233767b', 1, 'Stück', 1.350, NULL, 'Maria', 1, NULL, '2025-01-31 12:19:04'),
	('0194bc15-fc16-7710-8cf3-33f86780f993', '7d54c82a-d7a2-4a0f-9374-fd54ed4496c9', '0194bc15-fc19-78a0-8cd6-b160ca62a440', 1, 'Stück', 2.150, NULL, 'Maria', 1, NULL, '2025-01-31 12:19:04'),
	('0194bc15-fc1d-75c8-9830-ca8bc06799e6', '7d54c82a-d7a2-4a0f-9374-fd54ed4496c9', 'b0fc8f0d-d5b1-11ef-95ea-7085c2a8d15a', 3, 'Stück', 3.270, NULL, 'Beide', NULL, NULL, '2025-01-31 12:19:04'),
	('0194bc15-fc20-7ce0-9d93-bb0ad017d4ba', '7d54c82a-d7a2-4a0f-9374-fd54ed4496c9', '0194bc15-fc23-71ac-97f8-5dd1338e74e9', 1, 'Stück', 2.290, NULL, 'Beide', 1, NULL, '2025-01-31 12:19:04'),
	('0194bc15-fc27-73f5-b3a0-15c68ce34edc', '7d54c82a-d7a2-4a0f-9374-fd54ed4496c9', '0194bc15-fc29-7166-912f-4506ad799f63', 1, 'Stück', 2.990, NULL, 'Stefan', 1, NULL, '2025-01-31 12:19:04'),
	('0194bc15-fc37-7b0b-b336-675d53b61fe5', '7d54c82a-d7a2-4a0f-9374-fd54ed4496c9', 'b0fc8cd1-d5b1-11ef-95ea-7085c2a8d15a', 2, 'Stück', 2.580, NULL, 'Beide', NULL, NULL, '2025-01-31 12:19:05'),
	('0194bc15-fc3a-779c-9ff6-3c728047fa42', '7d54c82a-d7a2-4a0f-9374-fd54ed4496c9', '01948e90-8c04-72fe-a4cf-17954c70fc13', 3, 'Stück', 5.970, NULL, 'Beide', NULL, NULL, '2025-01-31 12:19:05'),
	('0194bc15-fc3c-7e6b-96e9-4161e4742e10', '7d54c82a-d7a2-4a0f-9374-fd54ed4496c9', '0194b1d0-05f8-76f2-a8da-964e4d61a4f0', 2, 'Stück', 1.980, NULL, 'Beide', NULL, NULL, '2025-01-31 12:19:05'),
	('0194c35a-4d8a-7271-9fdb-2054c65d37c8', '970c4923-60d7-4c92-9461-3993a26bc912', 'b0fc8cff-d5b1-11ef-95ea-7085c2a8d15a', 1, 'Stück', 2.190, NULL, 'Stefan', NULL, NULL, '2025-02-01 22:11:02'),
	('0194c35a-4ddc-7355-bbd1-1e196262c861', '970c4923-60d7-4c92-9461-3993a26bc912', 'b0fc8e4c-d5b1-11ef-95ea-7085c2a8d15a', 1, 'Stück', 0.990, NULL, 'Beide', NULL, NULL, '2025-02-01 22:11:02'),
	('0194c35a-4de1-7fc2-835a-74566e41fa2f', '970c4923-60d7-4c92-9461-3993a26bc912', 'b0fc8e87-d5b1-11ef-95ea-7085c2a8d15a', 1, 'Stück', 1.190, NULL, 'Beide', NULL, NULL, '2025-02-01 22:11:02'),
	('0194c35a-4de4-75f3-9961-dff960ab85b2', '970c4923-60d7-4c92-9461-3993a26bc912', '0194c35a-4de6-7ae5-8793-005c2874ff96', 3, 'Stück', 5.970, NULL, 'Beide', 1, NULL, '2025-02-01 22:11:02'),
	('0194c35a-4e02-7b2c-a168-c7c7c177761f', '970c4923-60d7-4c92-9461-3993a26bc912', '0194c35a-4e05-7f88-a4da-994cca38d6c9', 1, 'Stück', 3.690, NULL, 'Beide', 1, NULL, '2025-02-01 22:11:02'),
	('0194c35a-4e08-7d25-a816-1bb345d73973', '970c4923-60d7-4c92-9461-3993a26bc912', '0194c35a-4e0b-7eb1-9bdb-d61e4f3f61e6', 1, 'Stück', 1.790, NULL, 'Maria', 1, NULL, '2025-02-01 22:11:02'),
	('0194c35a-4e0e-7d0a-b80c-96e4b72667ed', '970c4923-60d7-4c92-9461-3993a26bc912', '0194c35a-4e11-7f13-bdf7-76a9c004dc59', 1, 'Stück', 3.090, NULL, 'Stefan', 1, NULL, '2025-02-01 22:11:02'),
	('0194c35a-4e14-77b0-bcd3-d453c2efad74', '970c4923-60d7-4c92-9461-3993a26bc912', 'b0fc8cd1-d5b1-11ef-95ea-7085c2a8d15a', 2, 'Stück', 2.580, NULL, 'Beide', NULL, NULL, '2025-02-01 22:11:02'),
	('0194c35a-4e16-7ebb-850d-eafeae70905a', '970c4923-60d7-4c92-9461-3993a26bc912', '0194b1d0-05f8-76f2-a8da-964e4d61a4f0', 2, 'Stück', 1.980, NULL, 'Beide', NULL, NULL, '2025-02-01 22:11:02'),
	('0194cb8c-1129-796d-8b8a-57ea249ba8c7', 'e3ac7a2f-ab62-40ab-b3e0-ef23f808350f', '0194cb8c-1167-74bb-b64b-3e88d66187a6', 1, 'Stück', 0.950, NULL, 'Maria', 1, NULL, '2025-02-03 12:22:21'),
	('0194cb8c-118e-7f0c-8ab4-7c916f80542d', 'e3ac7a2f-ab62-40ab-b3e0-ef23f808350f', 'b0fc8ed7-d5b1-11ef-95ea-7085c2a8d15a', 1, 'Stück', 1.890, NULL, 'Maria', NULL, NULL, '2025-02-03 12:22:21'),
	('0194cb8c-1196-7032-9266-a602f20b47e4', 'e3ac7a2f-ab62-40ab-b3e0-ef23f808350f', 'b0fc8c40-d5b1-11ef-95ea-7085c2a8d15a', 1, 'Stück', 1.390, NULL, 'Stefan', NULL, NULL, '2025-02-03 12:22:21'),
	('0194cb8c-1199-7c1d-b2db-8401974402c1', 'e3ac7a2f-ab62-40ab-b3e0-ef23f808350f', 'b0fc8ef7-d5b1-11ef-95ea-7085c2a8d15a', 1, 'Stück', 4.190, NULL, 'Maria', NULL, NULL, '2025-02-03 12:22:21'),
	('0194cb8c-119b-77db-bc55-7d7c965d5015', 'e3ac7a2f-ab62-40ab-b3e0-ef23f808350f', 'b0fc8cdc-d5b1-11ef-95ea-7085c2a8d15a', 3, 'Stück', 2.550, NULL, 'Beide', NULL, NULL, '2025-02-03 12:22:21'),
	('0194cb8c-119e-7be5-8b5f-ad3e68e795bc', 'e3ac7a2f-ab62-40ab-b3e0-ef23f808350f', '0194849c-73c5-7b83-8067-60ac2d8bb9d3', 1, 'Stück', 1.290, NULL, 'Stefan', NULL, NULL, '2025-02-03 12:22:21'),
	('0194cb8c-11a0-779f-b962-6985221fc467', 'e3ac7a2f-ab62-40ab-b3e0-ef23f808350f', 'b0fc8e3c-d5b1-11ef-95ea-7085c2a8d15a', 1, 'Stück', 1.990, NULL, 'Stefan', NULL, NULL, '2025-02-03 12:22:21'),
	('0194cb8c-11a2-7d0a-a80e-41229f7d3a51', 'e3ac7a2f-ab62-40ab-b3e0-ef23f808350f', 'b0fc8d67-d5b1-11ef-95ea-7085c2a8d15a', 1, 'Stück', 1.190, NULL, 'Stefan', NULL, NULL, '2025-02-03 12:22:21'),
	('0194cb8c-11a5-724f-8951-eeb0b378edff', 'e3ac7a2f-ab62-40ab-b3e0-ef23f808350f', 'b0fc911a-d5b1-11ef-95ea-7085c2a8d15a', 1, 'Stück', 2.690, NULL, 'Stefan', NULL, NULL, '2025-02-03 12:22:21'),
	('0194cb8c-11a7-728a-8ef7-228ad00d0d25', 'e3ac7a2f-ab62-40ab-b3e0-ef23f808350f', '0194cb8c-11aa-712d-9175-b443163d0e75', 2, 'Stück', 4.180, NULL, 'Beide', 1, NULL, '2025-02-03 12:22:21'),
	('0194cb8c-11ad-743c-8bca-db961a30dedc', 'e3ac7a2f-ab62-40ab-b3e0-ef23f808350f', 'b0fc8f0d-d5b1-11ef-95ea-7085c2a8d15a', 3, 'Stück', 3.270, NULL, 'Beide', NULL, NULL, '2025-02-03 12:22:21'),
	('0194cb8c-11b0-7f02-8cdf-0e4919fecbfd', 'e3ac7a2f-ab62-40ab-b3e0-ef23f808350f', 'b0fc90e3-d5b1-11ef-95ea-7085c2a8d15a', 1, 'Stück', 0.690, NULL, 'Stefan', NULL, NULL, '2025-02-03 12:22:22'),
	('0194cb8c-11b3-7dd4-915e-a7b43958bae8', 'e3ac7a2f-ab62-40ab-b3e0-ef23f808350f', 'b0fc8f16-d5b1-11ef-95ea-7085c2a8d15a', 2, 'Stück', 1.980, NULL, 'Beide', NULL, NULL, '2025-02-03 12:22:22'),
	('0194cb8c-11b5-7762-967c-020012f8d9a1', 'e3ac7a2f-ab62-40ab-b3e0-ef23f808350f', '0194cb8c-11b8-7b91-a37d-6731d041a35a', 1, 'Stück', 3.690, NULL, 'Beide', 1, NULL, '2025-02-03 12:22:22'),
	('0194cb8c-11bc-75d9-a3e2-72a360714fe3', 'e3ac7a2f-ab62-40ab-b3e0-ef23f808350f', 'b0fc8e6e-d5b1-11ef-95ea-7085c2a8d15a', 0.682, 'kg', 0.880, NULL, 'Beide', NULL, NULL, '2025-02-03 12:22:22'),
	('0194cb8c-11bf-7fb1-93ea-5bf17c465586', 'e3ac7a2f-ab62-40ab-b3e0-ef23f808350f', 'b0fc8cd1-d5b1-11ef-95ea-7085c2a8d15a', 1, 'Stück', 1.290, NULL, 'Beide', NULL, NULL, '2025-02-03 12:22:22'),
	('0194cb8c-11c1-758d-9709-a70fd16727d0', 'e3ac7a2f-ab62-40ab-b3e0-ef23f808350f', 'b0fc8cc6-d5b1-11ef-95ea-7085c2a8d15a', 0.934, 'kg', 2.790, NULL, 'Beide', NULL, NULL, '2025-02-03 12:22:22'),
	('0194d5e4-7f29-7758-9d4e-1367a85d5afe', '24651692-7076-4c61-8f53-b6a6649ce71f', '0194d5e4-7f68-7154-85c3-09feeb3f893c', 1, 'Stück', 2.190, NULL, 'Maria', 1, NULL, '2025-02-05 12:35:09'),
	('0194d5e4-7f90-72a6-ba22-aae1b2e19c36', '24651692-7076-4c61-8f53-b6a6649ce71f', '0194d5e4-7f9b-72bf-bba6-2ab78a5a5985', 1, 'Stück', 1.890, NULL, 'Maria', 1, NULL, '2025-02-05 12:35:09'),
	('0194d5e4-7fa0-7354-be39-0785e76f103a', '24651692-7076-4c61-8f53-b6a6649ce71f', '0194d5e4-7fa3-7a49-b0de-1cd647d955c9', 1, 'Stück', 4.190, NULL, 'Beide', 1, NULL, '2025-02-05 12:35:09'),
	('0194d5e4-7fa7-72de-b965-5d2afa11db80', '24651692-7076-4c61-8f53-b6a6649ce71f', '0194d5e4-7faa-7578-8e55-efe65f4d9f02', 1, 'Stück', 1.190, NULL, 'Stefan', 1, NULL, '2025-02-05 12:35:09'),
	('0194d5e4-7fae-75cc-aa47-7c8c69958ffa', '24651692-7076-4c61-8f53-b6a6649ce71f', 'b0fc8e3c-d5b1-11ef-95ea-7085c2a8d15a', 1, 'Stück', 1.990, NULL, 'Stefan', NULL, NULL, '2025-02-05 12:35:09'),
	('0194d5e4-7fd0-7d44-9f12-c696de97d6a1', '24651692-7076-4c61-8f53-b6a6649ce71f', 'b0fc8d67-d5b1-11ef-95ea-7085c2a8d15a', 1, 'Stück', 1.190, NULL, 'Stefan', NULL, NULL, '2025-02-05 12:35:09'),
	('0194d5e4-7fd2-719f-a4dd-b531fa736a3d', '24651692-7076-4c61-8f53-b6a6649ce71f', 'b0fc8e44-d5b1-11ef-95ea-7085c2a8d15a', 1, 'Stück', 1.790, NULL, 'Stefan', NULL, NULL, '2025-02-05 12:35:09'),
	('0194d5e4-7fd5-7666-95b0-eeff26ad9ffe', '24651692-7076-4c61-8f53-b6a6649ce71f', '0194d5e4-7fd7-7758-8542-7a462ad097d1', 1, 'Stück', 4.150, NULL, 'Beide', 1, NULL, '2025-02-05 12:35:09'),
	('0194d5e4-7fda-777d-a3ef-a21681da4c25', '24651692-7076-4c61-8f53-b6a6649ce71f', 'b0fc8e4c-d5b1-11ef-95ea-7085c2a8d15a', 1, 'Stück', 0.990, NULL, 'Beide', NULL, NULL, '2025-02-05 12:35:09'),
	('0194d5e4-7fdd-7a19-b468-a2ea7be7da45', '24651692-7076-4c61-8f53-b6a6649ce71f', '0194d5e4-7fdf-7edf-a707-c89d7521a110', 1, 'Stück', 2.590, NULL, 'Stefan', 1, NULL, '2025-02-05 12:35:09'),
	('0194d5e4-7fe3-71d1-8c27-dfe54a1aaba1', '24651692-7076-4c61-8f53-b6a6649ce71f', '01948e90-8bec-77a4-b75d-3746561f0ab5', 1, 'Stück', 3.450, NULL, 'Maria', NULL, NULL, '2025-02-05 12:35:09'),
	('0194d5e4-7fe5-73ab-8767-222402c38547', '24651692-7076-4c61-8f53-b6a6649ce71f', '0194d5e4-7fe8-7053-9113-b14702e3b480', 2, 'Stück', 2.180, NULL, 'Beide', 1, NULL, '2025-02-05 12:35:09'),
	('0194d5e4-7fea-77f2-a04b-7778a33f978a', '24651692-7076-4c61-8f53-b6a6649ce71f', '0194d5e4-7fed-70b8-be55-9821716b99e2', 1, 'Stück', 2.990, NULL, 'Beide', 1, NULL, '2025-02-05 12:35:09'),
	('0194d5e4-7ff0-7c3d-a6b7-42a3921469ee', '24651692-7076-4c61-8f53-b6a6649ce71f', '0194d5e4-7ff3-7733-bdcf-081f03bba49b', 1, 'Stück', 1.990, NULL, 'Maria', 1, NULL, '2025-02-05 12:35:09'),
	('0194d5e4-7ff6-78a2-842d-c4a3b3201f1a', '24651692-7076-4c61-8f53-b6a6649ce71f', '019498f6-96ca-71a9-856c-3e64ae28e4b8', 1, 'Stück', 1.090, NULL, 'Maria', NULL, NULL, '2025-02-05 12:35:09'),
	('0194d5e4-7ffa-7c55-8e04-6eef56bd0339', '24651692-7076-4c61-8f53-b6a6649ce71f', '0194c35a-4e05-7f88-a4da-994cca38d6c9', 1, 'Stück', 3.690, NULL, 'Beide', NULL, NULL, '2025-02-05 12:35:09'),
	('0194d5e4-8012-7a61-9cc6-d7f83e152b7a', '24651692-7076-4c61-8f53-b6a6649ce71f', '0194d5e4-8015-72c7-98e0-3f12b665452f', 1, 'Stück', 1.190, NULL, 'Maria', 1, NULL, '2025-02-05 12:35:09'),
	('0194d5e4-8018-7626-8a88-9cf63e11c5a1', '24651692-7076-4c61-8f53-b6a6649ce71f', '0194d5e4-801a-7aee-950b-eedb322de986', 1, 'Stück', 2.290, NULL, 'Beide', 1, NULL, '2025-02-05 12:35:09'),
	('0194d5e4-801e-718c-89de-d0db521d3b7f', '24651692-7076-4c61-8f53-b6a6649ce71f', 'b0fc8cd1-d5b1-11ef-95ea-7085c2a8d15a', 1, 'Stück', 1.290, NULL, 'Beide', NULL, NULL, '2025-02-05 12:35:09'),
	('0194d5e4-8021-71f5-9240-a54983d0de67', '24651692-7076-4c61-8f53-b6a6649ce71f', '0194d5e4-8024-70ad-929f-f2b1817732b9', 0.876, 'kg', 1.310, NULL, 'Beide', 1, NULL, '2025-02-05 12:35:09'),
	('0194d5e4-8027-75fe-810a-a6c20fae9016', '24651692-7076-4c61-8f53-b6a6649ce71f', '01948e90-8c04-72fe-a4cf-17954c70fc13', 2, 'Stück', 3.980, NULL, 'Beide', NULL, NULL, '2025-02-05 12:35:09'),
	('0194d5e4-802a-7134-94a0-eccead167154', '24651692-7076-4c61-8f53-b6a6649ce71f', '0194b1d0-05f8-76f2-a8da-964e4d61a4f0', 4, 'Stück', 3.960, NULL, 'Beide', NULL, NULL, '2025-02-05 12:35:09'),
	('0194d5e4-802c-7a4a-9657-fa9914d5a7fe', '24651692-7076-4c61-8f53-b6a6649ce71f', 'b0fc8e8f-d5b1-11ef-95ea-7085c2a8d15a', 0.468, 'kg', 1.260, NULL, 'Stefan', NULL, NULL, '2025-02-05 12:35:09'),
	('0194d5e4-802f-75ee-a0b5-252932e4ee77', '24651692-7076-4c61-8f53-b6a6649ce71f', 'b0fc8cc6-d5b1-11ef-95ea-7085c2a8d15a', 0.662, 'kg', 1.980, NULL, 'Beide', NULL, NULL, '2025-02-05 12:35:09'),
	('0194e106-f37f-745c-af58-655b150270ce', 'c3046a0d-3913-4bc5-92ac-5510e5ce0b03', '0194e106-f3be-7ec7-b9b7-532069c98d8d', 1, 'Stück', 4.890, NULL, 'Maria', 1, NULL, '2025-02-07 16:28:36'),
	('0194e106-f3e6-767e-b64c-ec5e2e1d5d98', 'c3046a0d-3913-4bc5-92ac-5510e5ce0b03', '0194e106-f3f1-70ed-aa03-93225440ffa7', 1, 'Stück', 4.890, NULL, 'Maria', 1, NULL, '2025-02-07 16:28:36'),
	('0194e106-f3f6-7cbb-87c3-a861328e15bd', 'c3046a0d-3913-4bc5-92ac-5510e5ce0b03', 'b0fc8cdc-d5b1-11ef-95ea-7085c2a8d15a', 3, 'Stück', 2.550, NULL, 'Beide', NULL, NULL, '2025-02-07 16:28:36'),
	('0194e106-f3fc-7049-907a-13e616e8c62b', 'c3046a0d-3913-4bc5-92ac-5510e5ce0b03', 'b0fc8d18-d5b1-11ef-95ea-7085c2a8d15a', 1, 'Stück', 1.990, NULL, 'Stefan', NULL, NULL, '2025-02-07 16:28:36'),
	('0194e106-f3fe-7969-8770-280f84cc389c', 'c3046a0d-3913-4bc5-92ac-5510e5ce0b03', '0194849c-73cc-7fda-a29c-e2f069e5603b', 1, 'Stück', 1.990, NULL, 'Stefan', NULL, NULL, '2025-02-07 16:28:36'),
	('0194e106-f401-7c68-bed1-0d0af5fe616b', 'c3046a0d-3913-4bc5-92ac-5510e5ce0b03', 'b0fc8d07-d5b1-11ef-95ea-7085c2a8d15a', 2, 'Stück', 1.300, NULL, 'Stefan', NULL, NULL, '2025-02-07 16:28:36'),
	('0194e106-f403-7a20-b37b-0d7df25fa975', 'c3046a0d-3913-4bc5-92ac-5510e5ce0b03', 'b0fc8d21-d5b1-11ef-95ea-7085c2a8d15a', 1, 'Stück', 0.590, NULL, 'Stefan', NULL, NULL, '2025-02-07 16:28:36'),
	('0194e106-f405-711c-8c9a-614985ff6875', 'c3046a0d-3913-4bc5-92ac-5510e5ce0b03', 'b0fc9088-d5b1-11ef-95ea-7085c2a8d15a', 1, 'Stück', 0.890, NULL, 'Beide', NULL, NULL, '2025-02-07 16:28:36'),
	('0194e106-f408-74ee-97b6-29f28a8204a1', 'c3046a0d-3913-4bc5-92ac-5510e5ce0b03', '0194bc15-fc19-78a0-8cd6-b160ca62a440', 1, 'Stück', 1.950, NULL, 'Maria', NULL, NULL, '2025-02-07 16:28:36'),
	('0194e106-f40b-7bbf-9c57-4ea5f042d55e', 'c3046a0d-3913-4bc5-92ac-5510e5ce0b03', 'b0fc8f0d-d5b1-11ef-95ea-7085c2a8d15a', 2, 'Stück', 2.180, NULL, 'Beide', NULL, NULL, '2025-02-07 16:28:36'),
	('0194e106-f40d-799b-bc4c-4428c8af6835', 'c3046a0d-3913-4bc5-92ac-5510e5ce0b03', 'b0fc90e3-d5b1-11ef-95ea-7085c2a8d15a', 1, 'Stück', 0.690, NULL, 'Stefan', NULL, NULL, '2025-02-07 16:28:36'),
	('0194e106-f410-7be4-ac4f-cac5a8828713', 'c3046a0d-3913-4bc5-92ac-5510e5ce0b03', 'b0fc8cd1-d5b1-11ef-95ea-7085c2a8d15a', 2, 'Stück', 2.580, NULL, 'Beide', NULL, NULL, '2025-02-07 16:28:36'),
	('0194e106-f412-7d6b-9810-26add8f53473', 'c3046a0d-3913-4bc5-92ac-5510e5ce0b03', '0194b1d0-05f8-76f2-a8da-964e4d61a4f0', 3, 'Stück', 2.970, NULL, 'Beide', NULL, NULL, '2025-02-07 16:28:36'),
	('0194e106-f414-73d4-b704-ba6545769f18', 'c3046a0d-3913-4bc5-92ac-5510e5ce0b03', 'b0fc8cc6-d5b1-11ef-95ea-7085c2a8d15a', 0.678, 'kg', 2.030, NULL, 'Beide', NULL, NULL, '2025-02-07 16:28:36');

-- Dumping structure for table verbraucher.product
DROP TABLE IF EXISTS `product`;
CREATE TABLE IF NOT EXISTS `product` (
  `id` char(36) NOT NULL DEFAULT uuid(),
  `name` varchar(200) NOT NULL DEFAULT '',
  `defaultDebtor` varchar(50) DEFAULT '',
  `createdAt` datetime DEFAULT NULL,
  PRIMARY KEY (`id`)
) ENGINE=InnoDB DEFAULT CHARSET=utf8mb3 COLLATE=utf8mb3_general_ci;

-- Dumping data for table verbraucher.product: ~115 rows (approximately)
DELETE FROM `product`;
INSERT INTO `product` (`id`, `name`, `defaultDebtor`, `createdAt`) VALUES
	('0194849c-73b0-72a9-8e83-d414f3970c0b', 'G&G Essigessenz', 'Beide', NULL),
	('0194849c-73c5-7b83-8067-60ac2d8bb9d3', 'G&G Party Nuts', 'Stefan', NULL),
	('0194849c-73cc-7fda-a29c-e2f069e5603b', 'G&G Pizzateig M', 'Stefan', NULL),
	('0194849c-73d2-7894-80d9-ee705676010f', 'G&G Rahm Kaiserge', 'Stefan', NULL),
	('0194849c-73d8-7f2f-8c07-7294fcdb6f98', 'G&G Sonnenblumen', 'Stefan', NULL),
	('0194849c-73e1-7f02-9e5c-938120d5e3a0', 'G&G Creme Fraiche', 'Stefan', NULL),
	('0194849c-73f2-742f-b4fd-73da808a7448', 'G&G Studentenfutt.', 'Stefan', NULL),
	('01948e90-8bab-7f22-8b66-399562e002a2', 'Bond.Kidney Bohne', 'Maria', NULL),
	('01948e90-8bd5-7bc1-8013-240e4c95418b', 'Edeka China Gemüs', 'Stefan', NULL),
	('01948e90-8be7-778d-83b2-b37220e4e31a', 'Gutshof Bio‑Ei', 'Beide', NULL),
	('01948e90-8bec-77a4-b75d-3746561f0ab5', 'Seeb.Nusskern Mis', 'Maria', NULL),
	('01948e90-8bf4-71da-a67a-2627e2588fb8', 'G&G Haferflocken E', 'Stefan', NULL),
	('01948e90-8bf8-760f-9a01-933cc911ad58', 'G&G Recy.Toiletten', 'Beide', NULL),
	('01948e90-8bfe-7e86-9b29-0f87223ddd67', 'Sw.Fa.Nordz.Puderz', 'Maria', NULL),
	('01948e90-8c04-72fe-a4cf-17954c70fc13', 'Mini Roma Tomaten', 'Beide', NULL),
	('019498f6-969a-716c-a2d1-8617a1386386', 'G&G Räucherlachs', 'Stefan', '2025-01-24 16:38:04'),
	('019498f6-96b1-7a67-b4e1-28554b6d1e3d', 'G&G Tortell.Ricot', 'Stefan', '2025-01-24 16:38:04'),
	('019498f6-96bd-755e-98da-ff0c2bf66038', 'Bio Champignons br', 'Maria', '2025-01-24 16:38:04'),
	('019498f6-96ca-71a9-856c-3e64ae28e4b8', 'G&G Schlagsahne 30', 'Maria', '2025-01-24 16:38:04'),
	('019498f6-96d1-75bd-90ca-29e0df409416', 'Herz.Gr.Padano', 'Maria', '2025-01-24 16:38:04'),
	('0194a881-4c98-7cb1-ae91-7a688ede046c', 'G&G Brie Spitze', 'Beide', '2025-01-27 17:03:53'),
	('0194a881-4cbd-7251-b5da-3eb923f9eb22', 'G&G Wein Sauerkra', 'Stefan', '2025-01-27 17:03:53'),
	('0194a881-4cc7-7e33-869d-f3fd1a58b8a5', 'Rügenw.Veg.Pomm.', 'Beide', '2025-01-27 17:03:53'),
	('0194a881-4ccf-7761-b449-ada898243fc2', 'Wurz.Haferflocken', 'Maria', '2025-01-27 17:03:53'),
	('0194a881-4ce3-7faf-8b6a-4c6ff7e343d6', 'Nährmittel', 'Beide', '2025-01-27 17:03:53'),
	('0194b1d0-0565-73fe-bf40-d7d1a76cb7e8', 'Alpenh Obazda 125', 'Beide', '2025-01-29 12:26:27'),
	('0194b1d0-05dc-7c18-bec2-4324484f768c', 'Msc G&G Schlem.', 'Stefan', '2025-01-29 12:26:27'),
	('0194b1d0-05e5-76fa-99a2-534a758dcfb1', 'G&G Tilsiter 45% S', 'Stefan', '2025-01-29 12:26:27'),
	('0194b1d0-05f0-7612-b7b6-fa024e62963d', 'Birnen', 'Beide', '2025-01-29 12:26:27'),
	('0194b1d0-05f8-76f2-a8da-964e4d61a4f0', 'Nashibirnen', 'Beide', '2025-01-29 12:26:27'),
	('0194bc15-fbea-76ca-aaae-cd29bb580134', 'G&G Emmentaler', 'Stefan', '2025-01-31 12:19:04'),
	('0194bc15-fc07-7132-8e3a-ff2309f622fb', 'Alt Mecklenbg Rahm', 'Beide', '2025-01-31 12:19:04'),
	('0194bc15-fc0e-779f-a549-a86c629ff250', 'Bio E.Penne Vollko', 'Stefan', '2025-01-31 12:19:04'),
	('0194bc15-fc13-7bb6-992a-00682233767b', 'Bio Wertk Speise Q', 'Maria', '2025-01-31 12:19:04'),
	('0194bc15-fc19-78a0-8cd6-b160ca62a440', 'Edeka Das Pure Bro', 'Maria', '2025-01-31 12:19:04'),
	('0194bc15-fc23-71ac-97f8-5dd1338e74e9', 'Dinkel‑Skyr‑Brot', 'Beide', '2025-01-31 12:19:04'),
	('0194bc15-fc29-7166-912f-4506ad799f63', 'Bio Spitzpaprika', 'Stefan', '2025-01-31 12:19:05'),
	('0194c35a-4de6-7ae5-8793-005c2874ff96', 'Naschtomaten 250g', 'Beide', '2025-02-01 22:11:02'),
	('0194c35a-4e05-7f88-a4da-994cca38d6c9', 'Old Amst.Pikant 50', 'Beide', '2025-02-01 22:11:02'),
	('0194c35a-4e0b-7eb1-9bdb-d61e4f3f61e6', 'Spitzpaprika rot', 'Maria', '2025-02-01 22:11:02'),
	('0194c35a-4e11-7f13-bdf7-76a9c004dc59', 'Bio Zucchini 500g', 'Stefan', '2025-02-01 22:11:02'),
	('0194cb8c-1167-74bb-b64b-3e88d66187a6', 'Bio Edeka Haferfl', 'Maria', '2025-02-03 12:22:21'),
	('0194cb8c-11aa-712d-9175-b443163d0e75', 'Bio Cherryrispento', 'Beide', '2025-02-03 12:22:21'),
	('0194cb8c-11b8-7b91-a37d-6731d041a35a', 'Old Amst.Jung 50%', 'Beide', '2025-02-03 12:22:22'),
	('0194d5e4-7f68-7154-85c3-09feeb3f893c', 'Bio Alna.Gouda', 'Maria', '2025-02-05 12:35:09'),
	('0194d5e4-7f9b-72bf-bba6-2ab78a5a5985', 'Bio E.Knäckebrot', 'Maria', '2025-02-05 12:35:09'),
	('0194d5e4-7fa3-7a49-b0de-1cd647d955c9', 'Bio Edeka räucher', 'Beide', '2025-02-05 12:35:09'),
	('0194d5e4-7faa-7578-8e55-efe65f4d9f02', 'G&G Peperoni Mild', 'Stefan', '2025-02-05 12:35:09'),
	('0194d5e4-7fd7-7758-8542-7a462ad097d1', 'G&G Toipa 3Lg.10x', 'Beide', '2025-02-05 12:35:09'),
	('0194d5e4-7fdf-7edf-a707-c89d7521a110', 'Noa Hummus Natur', 'Stefan', '2025-02-05 12:35:09'),
	('0194d5e4-7fe8-7053-9113-b14702e3b480', 'würzgut Essenz', 'Beide', '2025-02-05 12:35:09'),
	('0194d5e4-7fed-70b8-be55-9821716b99e2', 'Bio Eier 6er, M/L', 'Beide', '2025-02-05 12:35:09'),
	('0194d5e4-7ff3-7733-bdcf-081f03bba49b', 'Bio Rote Bete', 'Maria', '2025-02-05 12:35:09'),
	('0194d5e4-8015-72c7-98e0-3f12b665452f', 'Rosmarin 15g', 'Maria', '2025-02-05 12:35:09'),
	('0194d5e4-801a-7aee-950b-eedb322de986', 'Champignons 400g', 'Beide', '2025-02-05 12:35:09'),
	('0194d5e4-8024-70ad-929f-f2b1817732b9', 'Knollensellerie', 'Beide', '2025-02-05 12:35:09'),
	('0194e106-f3be-7ec7-b9b7-532069c98d8d', 'Frosta Hähn Gesch', 'Maria', '2025-02-07 16:28:36'),
	('0194e106-f3f1-70ed-aa03-93225440ffa7', 'Frosta Wildlachs', 'Maria', '2025-02-07 16:28:36'),
	('b0fc8c40-d5b1-11ef-95ea-7085c2a8d15a', 'Edeka Schwarze', 'Stefan', NULL),
	('b0fc8cc6-d5b1-11ef-95ea-7085c2a8d15a', 'Äpfel', 'Beide', NULL),
	('b0fc8cd1-d5b1-11ef-95ea-7085c2a8d15a', 'Gurken 300‑400g', 'Beide', NULL),
	('b0fc8cdc-d5b1-11ef-95ea-7085c2a8d15a', 'G&G Mozzarella', 'Beide', NULL),
	('b0fc8ce5-d5b1-11ef-95ea-7085c2a8d15a', 'G&G Baguette Tom.', 'Stefan', NULL),
	('b0fc8cee-d5b1-11ef-95ea-7085c2a8d15a', 'G&G Haferflocken', 'Stefan', NULL),
	('b0fc8cf6-d5b1-11ef-95ea-7085c2a8d15a', 'G&G Gnocchi 600g', 'Stefan', NULL),
	('b0fc8cff-d5b1-11ef-95ea-7085c2a8d15a', 'G&G Feta G.u.48%', 'Stefan', NULL),
	('b0fc8d07-d5b1-11ef-95ea-7085c2a8d15a', 'G&G Tomaten ganze', 'Stefan', NULL),
	('b0fc8d10-d5b1-11ef-95ea-7085c2a8d15a', 'G&G Studentenfutt', 'Stefan', NULL),
	('b0fc8d18-d5b1-11ef-95ea-7085c2a8d15a', 'G&G Pizzamix ger.', 'Stefan', NULL),
	('b0fc8d21-d5b1-11ef-95ea-7085c2a8d15a', 'G&G Tomaten gehac', 'Stefan', NULL),
	('b0fc8d29-d5b1-11ef-95ea-7085c2a8d15a', 'Gemüsezwiebeln', 'Stefan', NULL),
	('b0fc8d32-d5b1-11ef-95ea-7085c2a8d15a', 'Kohlrabi', 'Stefan', NULL),
	('b0fc8d3a-d5b1-11ef-95ea-7085c2a8d15a', 'Paprika gelb', '', NULL),
	('b0fc8d42-d5b1-11ef-95ea-7085c2a8d15a', 'Paprika orange', '', NULL),
	('b0fc8d4a-d5b1-11ef-95ea-7085c2a8d15a', 'Zwiebeln', '', NULL),
	('b0fc8d67-d5b1-11ef-95ea-7085c2a8d15a', 'G&G Roggen Vollko', 'Stefan', NULL),
	('b0fc8d7e-d5b1-11ef-95ea-7085c2a8d15a', 'G&G Pfann. Italie', 'Stefan', NULL),
	('b0fc8d88-d5b1-11ef-95ea-7085c2a8d15a', 'G&G Schlagsahne', '', NULL),
	('b0fc8db7-d5b1-11ef-95ea-7085c2a8d15a', 'E.Braune Linsen', 'Stefan', NULL),
	('b0fc8dc0-d5b1-11ef-95ea-7085c2a8d15a', 'Paprika rot', '', NULL),
	('b0fc8dd8-d5b1-11ef-95ea-7085c2a8d15a', 'G&G Frischkäse', 'Stefan', NULL),
	('b0fc8deb-d5b1-11ef-95ea-7085c2a8d15a', '*G&G H‑Schmand', 'Stefan', NULL),
	('b0fc8df3-d5b1-11ef-95ea-7085c2a8d15a', 'Edeka France Brie', 'Beide', NULL),
	('b0fc8dfc-d5b1-11ef-95ea-7085c2a8d15a', 'Bio E.Penne Vollk', 'Stefan', NULL),
	('b0fc8e05-d5b1-11ef-95ea-7085c2a8d15a', 'Bio Edeka Hähn.', 'Beide', NULL),
	('b0fc8e0e-d5b1-11ef-95ea-7085c2a8d15a', 'Bio Aln.Leinsamen', 'Maria', NULL),
	('b0fc8e3c-d5b1-11ef-95ea-7085c2a8d15a', 'G&G Pfannengem.', 'Stefan', NULL),
	('b0fc8e44-d5b1-11ef-95ea-7085c2a8d15a', 'G&G Schupfnudeln', 'Stefan', NULL),
	('b0fc8e4c-d5b1-11ef-95ea-7085c2a8d15a', 'G&G Vollkorntoast', 'Beide', NULL),
	('b0fc8e6e-d5b1-11ef-95ea-7085c2a8d15a', 'Bananen G&G', 'Beide', NULL),
	('b0fc8e75-d5b1-11ef-95ea-7085c2a8d15a', 'Mini Tomaten Mix 2', 'Beide', NULL),
	('b0fc8e7f-d5b1-11ef-95ea-7085c2a8d15a', 'G&G rote Kidney', NULL, NULL),
	('b0fc8e87-d5b1-11ef-95ea-7085c2a8d15a', 'Bio Möhren Mini', 'Beide', NULL),
	('b0fc8e8f-d5b1-11ef-95ea-7085c2a8d15a', 'Zucchini grün', 'Stefan', NULL),
	('b0fc8ead-d5b1-11ef-95ea-7085c2a8d15a', 'Alt Mecklenbg Rah', 'Beide', NULL),
	('b0fc8eb5-d5b1-11ef-95ea-7085c2a8d15a', 'Bio Wertk Speise', '', NULL),
	('b0fc8ec5-d5b1-11ef-95ea-7085c2a8d15a', 'Bio Edeka Hinter', 'Beide', NULL),
	('b0fc8ecf-d5b1-11ef-95ea-7085c2a8d15a', 'E.Ital.Tomatenmar', 'Beide', NULL),
	('b0fc8ed7-d5b1-11ef-95ea-7085c2a8d15a', 'E.Broccoli 300g', 'Maria', NULL),
	('b0fc8ef7-d5b1-11ef-95ea-7085c2a8d15a', 'Frosta Schl.Filet', 'Maria', NULL),
	('b0fc8f0d-d5b1-11ef-95ea-7085c2a8d15a', 'G&G H‑Milch 1,5%', 'Beide', NULL),
	('b0fc8f16-d5b1-11ef-95ea-7085c2a8d15a', 'Mini Möhren 250g', 'Beide', NULL),
	('b0fc8f2b-d5b1-11ef-95ea-7085c2a8d15a', 'Mini Pflaumentomat', 'Beide', NULL),
	('b0fc8f4b-d5b1-11ef-95ea-7085c2a8d15a', 'Bio E.Spaghetti', 'Stefan', NULL),
	('b0fc8f76-d5b1-11ef-95ea-7085c2a8d15a', 'G&G Fein.Zucker', 'Beide', NULL),
	('b0fc8f7e-d5b1-11ef-95ea-7085c2a8d15a', 'G&G Snack Gouda', 'Beide', NULL),
	('b0fc8f93-d5b1-11ef-95ea-7085c2a8d15a', 'G&G Vollkorn Wrap', 'Stefan', NULL),
	('b0fc8fb5-d5b1-11ef-95ea-7085c2a8d15a', 'Bananen EDEKA', 'Beide', NULL),
	('b0fc8fbd-d5b1-11ef-95ea-7085c2a8d15a', 'Bio Dar.Cafe Inte', 'Maria', NULL),
	('b0fc8fed-d5b1-11ef-95ea-7085c2a8d15a', 'E.Gouda Scheiben', '', NULL),
	('b0fc8ff9-d5b1-11ef-95ea-7085c2a8d15a', 'G&G Küchentüch.', 'Beide', NULL),
	('b0fc9003-d5b1-11ef-95ea-7085c2a8d15a', 'Bio Suppengrün', 'Maria', NULL),
	('b0fc9024-d5b1-11ef-95ea-7085c2a8d15a', 'Obst und Gemüse', '', NULL),
	('b0fc9045-d5b1-11ef-95ea-7085c2a8d15a', 'G&G Nusskerne Gerö', 'Stefan', NULL),
	('b0fc905c-d5b1-11ef-95ea-7085c2a8d15a', 'G&G Edamer Gerieb', 'Stefan', NULL),
	('b0fc9088-d5b1-11ef-95ea-7085c2a8d15a', 'G&G Tomatenmark', 'Beide', NULL),
	('b0fc90b5-d5b1-11ef-95ea-7085c2a8d15a', 'Bio Zwiebeln 750g', 'Beide', NULL),
	('b0fc90cb-d5b1-11ef-95ea-7085c2a8d15a', 'Oryza Natur‑Reis', 'Stefan', NULL),
	('b0fc90e3-d5b1-11ef-95ea-7085c2a8d15a', 'G&G Haferflocken V', 'Stefan', NULL),
	('b0fc911a-d5b1-11ef-95ea-7085c2a8d15a', 'Msc G&G Fischstäb', 'Stefan', NULL);

/*!40103 SET TIME_ZONE=IFNULL(@OLD_TIME_ZONE, 'system') */;
/*!40101 SET SQL_MODE=IFNULL(@OLD_SQL_MODE, '') */;
/*!40014 SET FOREIGN_KEY_CHECKS=IFNULL(@OLD_FOREIGN_KEY_CHECKS, 1) */;
/*!40101 SET CHARACTER_SET_CLIENT=@OLD_CHARACTER_SET_CLIENT */;
/*!40111 SET SQL_NOTES=IFNULL(@OLD_SQL_NOTES, 1) */;
